:020000040800F2
:10000000C09F0020E1010008F5390008F739000819
:10001000F9390008FB390008FD390008000000002C
:10002000000000000000000000000000490100087E
:10003000FF390008000000008D010008013A0008A7
:10004000FB010008FB010008FB010008FB010008A0
:10005000FB010008FB010008FB010008FB01000890
:10006000FB010008FB010008FB010008FB01000880
:10007000FB010008FB010008FB010008FB01000870
:10008000FB010008FB010008FB010008FB01000860
:10009000FB010008FB010008FB010008FB01000850
:1000A000FB010008FB010008FB010008FB01000840
:1000B000E937000869380008ED380008FB0100083E
:1000C000FB010008FB010008FB010008FB01000820
:1000D000FB010008BD3600089F370008E536000820
:1000E000FB010008FB010008FB010008FB01000800
:1000F000FB010008FB010008FB010008FB010008F0
:10010000FB010008FB01000871390008FB01000831
:100110005537000877370008C7370008FB0100088B
:10012000FB010008FB010008FB010008FB010008BF
:10013000DFF810D009F0DEF8004800479F1E0008E5
:10014000AFF30080C09F0020224B19680868B0E818
:10015000F00F80F30988BFF36F8F4FF0000080F33A
:1001600011884EF00D0E7047000000000648006830
:10017000006880F3088862B661B6BFF34F8FBFF3A3
:100180006F8F00DF00BF00BF08ED00E0EFF30980D4
:10019000BFF36F8F0F4B1A6820E9F00F106008B59E
:1001A0004FF0500080F31188BFF34F8FBFF36F8F74
:1001B00003F08BFF4FF0000080F31188BDE808408A
:1001C00019680868B0E8F00F80F30988BFF36F8FF3
:1001D000704700BF38000020EFF305807047000033
:1001E0000648804706480047FEE7FEE7FEE7FEE7D1
:1001F000FEE7FEE7FEE7FEE7FEE7FEE7A5020008F2
:10020000310100080CB500224C48009201920168AF
:1002100041F4803101604FF4A063016801F40031C2
:1002200001910099491C0091019911B900999942D5
:10023000F3D10168890333D50121019140490A684E
:1002400042F010020A600A6822F003020A600A689B
:1002500042F002020A6041684160416841604168C1
:1002600041F480614160416821F47C114160416842
:1002700041F4E8114160016841F08071016001685A
:100280008901FCD5416821F003014160416841F0DA
:10029000020141604168C1F381010229FAD10CBD1C
:1002A00001920CBD254810B5016841F001010160C3
:1002B0004168244A114041600168234A11400160AD
:1002C000016821F480210160416821F4FE01416050
:1002D0004FF41F018160FFF795FF1C494FF000604C
:1002E000086010BD154A10B55068194B10F00C018C
:1002F000184803D0042901D0082901D0036012E076
:100300005168536801F470114FF0020413F4803FF8
:1003100004EB914102D053689B0301D50E4B00E0E2
:100320000B4B5943016051680A4AC1F30311121D76
:10033000515C0268CA40026010BD0000001002401B
:10034000002002400000FFF8FFFFF6FE08ED00E08D
:1003500000127A000000002000093D0028490843EF
:1003600028490860704730B50F23C278017801250D
:10037000F2B1244A126801F1E02102F4E062C2F510
:10038000E062120AC2F10404D3404278A2408478A9
:100390001C401443220181F80024007800F01F0162
:1003A0008D404009800000F1E020C0F8005130BDD0
:1003B00001F01F0085404809800000F1E020C0F8EE
:1003C000805130BD104A114001430E48001F0160AA
:1003D00070470C4A121D0029116801D0014300E04A
:1003E0008143116070474FF0E0210428086903D071
:1003F00020F004000861704740F00400FAE70000B4
:100400000000FA050CED00E080FFFF1F01684FF6C9
:10041000FE72114001600021016041608160C16095
:100420006A496A4A0839904203D1486840F00F008F
:1004300006E0664A1432904204D1486840F0F00069
:1004400048607047614A2832904203D1486840F4BE
:100450007060F5E75D4A3C32904203D1486840F451
:100460007040EDE7594A5032904203D1486840F459
:100470007020E5E7554A6432904203D1486840F461
:100480007000DDE7514A7832904203D1486840F06D
:100490007060D5E74E4A111F904203D1086840F0C2
:1004A0000F0006E04A4A1432904204D1086840F036
:1004B000F00008607047464A2832904203D108682D
:1004C00040F47060F5E7424A3C32904203D108683C
:1004D00040F47040EDE73E4A50329042EAD108685D
:1004E00040F47020E5E730B5026847F6F0739A43B0
:1004F0000C6A8B682343D1E904452C4323438C6960
:100500002343CC6923434C6A23438C6A234313431C
:100510000360CA6842600A6882604968C16030BD91
:100520000021016041608160C160016141618161C0
:10053000C16101624162816270470029016802D095
:1005400041F0010102E04FF6FE7211400160704778
:10055000002A026801D00A4300E08A430260704723
:1005600041607047406880B2704702460020D10069
:1005700002D51749083901E01449083909681142C0
:1005800000D001207047C10003D51149091F086040
:1005900070470E4908394860704702460020D10074
:1005A00002D50B49083901E00849083909681142A8
:1005B00000D001207047C10003D50549091F08601C
:1005C000704702490839486070470000080002403F
:1005D000080402408F4910B5884206D10121042049
:1005E00000F049FA002104203BE08B49884206D103
:1005F0000121082000F03FFA0021082031E087495E
:10060000884206D10121102000F035FA0021102087
:1006100027E08349884206D10121202000F02BFAEF
:10062000002120201DE07F49884206D10121402081
:1006300000F021FA0021402013E07B49884206D1D6
:100640000121802000F017FA0021802009E077497D
:1006500088420AD184150121204600F00CFA0021BD
:100660002046BDE8104000F006BA10BD10B50121CB
:10067000084600F000FA0021BDE81040012000F01B
:10068000FAB9F0B5CC78002204F00F03E40601D5E6
:100690008C7823430C784FF00F0C14F0FF0F4FF0C1
:1006A000010E1BD005680E880EFA02F42640A64201
:1006B00010D196000CFA06F725EA070703FA06F5AB
:1006C000CE783D43282E02D0482E02D002E044616D
:1006D00000E00461521C082AE5D305600A88FF2A5D
:1006E0001CD94468002202F108060EFA06F50E88AD
:1006F0002E40AE420ED196000CFA06F7BC4303FA28
:1007000006F7CE783C43282E00D14561CE78482E9E
:1007100000D10561521C082AE5D34460F0BD4FF6B4
:10072000FF710180022181700421C170704702466F
:10073000002092680A4200D001207047806880B291
:10074000704702460020D2680A4200D0012070475C
:10075000C06880B2704701617047416170470AB15B
:100760000161704741617047C160704741F4803258
:100770008261816182618169806970472C4B10B50B
:100780001A684FF68074224042EA0010084318604D
:1007900010BD2849C8617047F0B5254C002801DA22
:1007A000E36900E06368450D2E0185B2C0F301578F
:1007B000B540C0F30342032F05D0C6020AD5032675
:1007C0009640B34307E023F07062636823F07063E0
:1007D000636002E0AB4343F0706201B12A4300283A
:1007E00001DAE261F0BD6260F0BD10B58A0721F068
:1007F00003040F49120F21440F238C6893409C433C
:100800008C608B68904003438B6010BD0949C1F830
:10081000DC00704700080140000C0140001001405E
:100820000014014000180140001C0140002001405C
:100830000000014000002042A548016841F001018C
:1008400001604168A34A114041600168A24A114019
:100850000160016821F480210160416821F4FE01FA
:1008600041604FF41F018160704799490A6822F482
:1008700080320A600A6822F480220A60B0F5803F64
:1008800007D0B0F5802F03D1086840F4A02008609D
:100890007047086840F48030F9E7034600205909A2
:1008A0008B4A01290AD002290AD0516A03F01F029B
:1008B000012393400B4200D0012070471168F5E7F7
:1008C000116AF3E718B500204FF4A06400903120BE
:1008D000FFF7E3FF0099491C0091A14201D00028D5
:1008E000F5D03120FFF7D9FF002800D0012018BD36
:1008F000774A116821F0F80141EAC00010607047A2
:10090000764908607047724B5A68084322F47C129B
:100910001043586070477149086670476C4A5168C7
:1009200021F003010143516070476948406800F0BD
:100930000C007047664A516821F0F0010143516094
:100940007047634A516821F4E06101435160704788
:100950005F4A516821F4605141EAC000506070471D
:100960005B4A0029517A01D0014300E08143517272
:1009700070475A49C1F8D8007047554A516821F468
:1009800040410143516070475149002281F82020C5
:1009900081F82020012802D0042802D1052081F806
:1009A000200070474E490860704749490A6A02436F
:1009B0000A6270474A4944390860704730B5444A72
:1009C0005168484B11F00C0103D0042901D00829CB
:1009D00001D0036012E05168536801F470114FF0C8
:1009E000020413F4803F04EB914102D053689B034F
:1009F00001D53D4B00E03B4B5943016051680F234B
:100A000003EA1111394B5C5C0168E14041605468B4
:100A1000072505EA14241C5D21FA04F48460546857
:100A200005EAD4241B5DD940C1605268032303EA60
:100A300092322E4B1B1F9A5CB1FBF2F1016130BD6B
:100A4000234A0029516901D0014300E081435161EB
:100A500070471F4A0029916901D0014300E081439A
:100A6000916170471A4A0029D16901D0014300E021
:100A70008143D1617047164A0029D16801D00143F2
:100A800000E08143D1607047114A0029116901D00B
:100A9000014300E08143116170471149403908600A
:100AA00070470E49C86470470949C87170470848C3
:100AB000416A41F0807141627047054A0146002059
:100AC00092680A4200D0012070470149887270473D
:100AD000001002400000FFF8FFFFF6FE0000424257
:100AE0008004424200127A0000093D0018000020F4
:100AF000F94910B5884202D10121C41486E0B0F151
:100B0000804F09D0F54988420DD101210220FFF71D
:100B1000BBFF0021022064E001210846FFF7B4FF7B
:100B2000002101205DE0EE49884206D10121042028
:100B3000FFF7AAFF0021042053E0EA49884206D1CA
:100B400001210820FFF7A0FF0021082049E0E64925
:100B5000884206D101211020FFF796FF00211020C6
:100B60003FE0E249884206D101212020FFF78CFFB7
:100B70000021202035E0DE49884202D101214414C1
:100B800044E0DC49884202D10121CC043EE0DA494C
:100B9000884202D101210C0538E0D849884202D1AF
:100BA00001214C0532E0D649884206D1012140207E
:100BB000FFF76AFF0021402013E0D249884206D1A6
:100BC00001218020FFF760FF0021802009E0CE494D
:100BD00088420AD1841501212046FFF755FF0021E4
:100BE0002046BDE81040FFF74FBFC849884202D1F8
:100BF00001210C040AE0C649884202D101214C04BB
:100C000004E0C44988420AD101218C042046FFF740
:100C100032FF2046BDE810400021FFF72CBF10BD79
:100C200030B50288AC4CB24DA0420DD0A8420BD0DA
:100C3000B0F1804F08D0A94B984205D0A84B9842FC
:100C400002D0A84B984203D122F070034A881A437D
:100C5000A54B984206D0A54B984203D022F440738E
:100C6000CA881A4302808A8882850A880285A0423F
:100C70000AD0A84208D0A54A904205D0A44A904282
:100C800002D0A44A904201D1097A018601218182D1
:100C900030BD30B5028C22F001020284028C8388C0
:100CA000048B22F0020224F073050C882C430D897A
:100CB00015434A882A43884DA8420BD08C4DA84240
:100CC00008D0924DA84205D0914DA84202D0914D36
:100CD000A8420DD122F008054A8923F440732A4323
:100CE00022F004058A882A438D891D43CB892B4332
:100CF00083800483C9888186028430BD70B5028CEC
:100D000022F010020284028C8388048B0D8824F464
:100D1000E6464FF6FF7404EA052535430E8922F0B6
:100D2000200204EA061616434A8804EA02123243F5
:100D3000694EB04202D06E4EB04215D122F080060C
:100D40004A8923F4406304EA0212324322F0400647
:100D50008A8804EA021232438E8904EA86061E4318
:100D6000CB8904EA8303334383800583C9880187E1
:100D7000028470BD70B5028C22F480720284028CF1
:100D80008388848B0D8824F0730425430E894FF6E5
:100D9000FF7422F4007204EA062616434A8804EA25
:100DA000022232434C4EB04202D0514EB04215D1D5
:100DB00022F400664A8923F4405304EA02223243B3
:100DC00022F480668A8804EA022232438E8904EA89
:100DD00006161E43CB8904EA0313334383808583BD
:100DE000C9888187028470BD70B5028C22F480525C
:100DF0000284058C8288838B0C8823F4E6464FF6A8
:100E0000FF7303EA0424344325F400560D8903EAF2
:100E1000053535434E8803EA06362E432E4DA8424B
:100E200002D0334DA84205D122F480458A8903EAD5
:100E300082122A4382808483C988A0F840100684E5
:100E400070BD828B22F440628283828B4FF6FF73E7
:100E500003EA01210A4382837047828B22F00C024D
:100E60008283828B0A4382837047028B22F4406222
:100E70000283028B4FF6FF7303EA01210A430283C8
:100E80007047F0B5048C24F010040484078B048CA4
:100E90004FF6FF7527F4734705EA03333B4305EA32
:100EA00002221A430C4B05EA011698420ED0104B51
:100EB00098420BD0B0F1804F08D0084B984205D033
:100EC000074B984202D0074B984225D124F02001CD
:100ED000314341F0100124E0002C014000040040A7
:100EE00000080040000C00400010004000140040CA
:100EF00000340140004C01400050014000540140CA
:100F000000180040001C004000200040004001404C
:100F1000004401400048014024F0A0030B4343F08B
:100F2000100102830184F0BD028B22F00C020283C7
:100F3000028B0A430283704770B5048C24F00104CD
:100F40000484058B048C4FF6FF7606EA03131343E3
:100F500025F0F305F84A2B4390420ED0F74A904211
:100F60000BD0B0F1804F08D0F54A904205D0F54A39
:100F7000904202D0F44A904202D124F0020201E0F1
:100F800024F00A020A4342F001010383018470BD88
:100F90002DE9F84F0D4604460888E74FDFF89CC35B
:100FA000DFF89C83DFF89C934988AA882B894FF04F
:100FB000804A48B304282FD04FF6FF76082893467E
:100FC00032D0208C9E4620F480502084A38B208C2D
:100FD00006EA0132009223F4734306EA0B221A4315
:100FE00006EA0E331343BC420AD0644508D0544588
:100FF00006D0444504D04C4502D0D34A944242D155
:1010000020F40050009940E02046FFF795FFE98862
:101010002046BDE8F84F87E72046FFF732FFE98812
:101020002046BDE8F84F20E7208C20F48070208413
:10103000B4F81CE0208C06EA031306EA01222EF025
:10104000F30E43EA0B0343EA0E030092BC420AD0BC
:10105000644508D0544506D0444504D04C4502D0E0
:10106000B94A944203D120F40070009901E020F4C1
:101070002060084340F48070A3832084E9882046E0
:10108000BDE8F84FE9E620F40240084340F4805000
:10109000A3832084E9882046BDE8F84FD1E62DE9F6
:1010A000F0410C46002649880746012501B9022671
:1010B000A288012A00D102252088238900283846E9
:1010C00010D0FFF7DEFEE1883846FFF7CEFE238919
:1010D0002A4631463846FFF72FFFE1883846BDE8FB
:1010E000F04121E7FFF728FFE1883846FFF71CFFB2
:1010F00023892A4631463846FFF7C3FEE188384641
:10110000BDE8F041B1E610B50A884B88CC881A4397
:101110008B8823431A430B891A434B8989891A43C5
:101120000A43A0F8442010BD4FF6FF7181800021D2
:101130000180C1804180017270470021018041809F
:101140008180C180018141818181C18170470021FD
:101150000180418001228280C1800181704700218D
:10116000018041808180C1800181418181817047FE
:101170000029018802D041F0010101E021F00101C4
:1011800001807047002930F8441F02D041F400412B
:1011900001E0C1F30E0101807047002A828901D06D
:1011A0000A4300E08A43828170478182704711437D
:1011B000A0F848107047002A828901D00A4300E055
:1011C0008A4382817047018921F0070101817047BC
:1011D000028922F070020A430281704700B503467B
:1011E000FFF7F6FF188940F00700188100BD70B5C1
:1011F00016460D46602904464FF0010231460AD0DA
:10120000FFF79AFE29462046FFF7E2FF208940F0CB
:101210000700208170BDFFF734FEF3E730B5048985
:101220004FF6FF7505EA03231343E4B20B43234350
:10123000038130BD10B50446FFF7F0FF208940F070
:101240007700208110BD10B50446FFF7E7FF208925
:1012500040F48040208110BD018582827047028861
:1012600022F070020A430280704770B50589048B32
:10127000068C25F007050D434FF6FC410C4040F26B
:1012800001110C434FF6FF7101EA031126F022060B
:101290001143314305810483018470BD028B22F028
:1012A00070020A4302837047028B4FF6FF7322F4E9
:1012B000E04203EA0121114301837047828B22F04F
:1012C00070020A4382837047828B4FF6FF7322F4C9
:1012D000E04203EA0121114381837047002901881C
:1012E00002D041F0800101E021F0800101807047CF
:1012F0000029818802D041F0040101E021F00401BD
:10130000818070470029818802D041F0080101E006
:1013100021F00801818070470029818802D041F0C6
:10132000010101E021F0010181807047028B22F070
:1013300008020A4302837047002C01400034014038
:101340000004004000080040000C0040028B4FF6F3
:10135000FF7322F4006203EA012111430183EAE7EB
:10136000828B22F008020A438283E4E7828B4FF6E5
:10137000FF7322F4006203EA012111438183DAE75B
:10138000028B22F004020A430283D4E7028B4FF659
:10139000FF7322F4806203EA012111430183CAE74B
:1013A000828B22F004020A438283C4E7828B4FF6C9
:1013B000FF7322F4806203EA012111438183BAE7BB
:1013C000028B22F080020A430283B4E7028B4FF6BD
:1013D000FF73C2F30E0203EA012111430183AAE75E
:1013E000828B22F080020A438283A4E7828B4FF62D
:1013F000FF73C2F30E0203EA0121114381839AE7CE
:10140000028C22F002020A43028494E7028C22F04A
:1014100008020A4302848EE7028C4FF6FF7322F023
:10142000200203EA01111143018484E7028C4FF684
:10143000FF7322F0800203EA0111114301847AE76D
:10144000028C4FF6FF7322F4007203EA012111436C
:10145000018470E7028C4FF6FF7322F4006203EA06
:1014600001211143018466E7028C4FF6FF7322F4D9
:10147000005203EA0131114301845CE710B50123F6
:10148000048C8B409C430484038C8A401343038464
:1014900010BD10B50423048C8B409C430484038C42
:1014A0008A401343038410BD30B50124058C00F13C
:1014B00018038C40A543058489B108290FD0091F62
:1014C000C1F34E001844016821F4E0410160016855
:1014D0004FF6FF7303EA02221143016030BD03EBB4
:1014E0005100016821F0700101600168F4E70029F2
:1014F000018802D041F0020101E021F002010180E7
:1015000019E70029018802D041F0040101E021F02F
:10151000040101800FE70029818802D041F0800199
:1015200001E021F08001818005E7028822F00802B5
:10153000028002880A430280FDE6828822F070025F
:10154000828082880A438280F5E6028922F00702BF
:10155000028102890A430281EDE6028922F08002BB
:10156000028102890A430281E5E68184E3E68185FE
:10157000E1E68186DFE60187DDE68187DBE6A0F82C
:101580004010D8E6028822F44072028002880A43A2
:101590000280D0E6808ECEE6008FCCE6808FCAE651
:1015A000B0F84000C7E6808CC5E6008DC3E6024671
:1015B0000020128A0A4200D00120BCE6C943018201
:1015C000B9E602460020138A92890B4202EA010220
:1015D00002D0002A00D00120ADE6C9430182AAE66C
:1015E000C44910B588420AD101218C032046FFF777
:1015F00042FA2046BDE810400021FFF73CBABE4940
:10160000884202D101214C0410E0BC49884202D139
:1016100001218C040AE0BA49884202D10121CC049C
:1016200004E0B84988420AD101210C052046FFF7A1
:101630002BFA2046BDE810400021FFF725BA10BD67
:1016400030B50446008A85B00D464CF6FF7108405F
:10165000E98801432182A0894EF6F3110840A98848
:101660002A8911436A8902431143A181A08A4FF656
:10167000FF410840A9890143A1826846FFF79EF90E
:101680009C48844201D1039800E00298A189090492
:1016900000EBC00101EB0010296801D5490000E012
:1016A0008900B0FBF1F06422B0FBF2F109010B09F3
:1016B0006FF018056B4300EB8300A3891D044FF006
:1016C000320306D503EBC000B0FBF2F000F00700D8
:1016D00005E003EB0010B0FBF2F000F00F00084350
:1016E000208105B030BD4FF416510160002181808A
:1016F000C18001810C2242818181704710B5028A2C
:101700004FF2FF031A400B884C8823438C88C9880A
:101710000C4323431343038210BD00210180418009
:101720008180C18070470029818902D041F4005135
:1017300001E021F400518181704710B5C1F34213DB
:1017400001F01F040121A140012B07D0022B07D07B
:101750001430002A026805D00A4304E00C30F8E790
:101760001030F6E78A43026010BD002A828A01D059
:101770000A4300E08A4382827047028A22F00F0205
:101780000282028A0A4302827047828922F400623E
:10179000828182890A43828170470029818902D02F
:1017A00041F0020101E021F0020181817047028ACB
:1017B00022F020020282028A0A4302827047002934
:1017C000018A02D041F4804101E021F4804101828C
:1017D0007047C1F30801818070478088C0F308001A
:1017E0007047818941F0010181817047028BD2B23B
:1017F0000283028B42EA012101837047028B02F4CB
:101800007F420283028B0A43028370470029818A48
:1018100002D041F0200101E021F0200181827047D7
:101820000029818A02D041F0100101E021F010016D
:10183000818270470029818A02D041F0080101E0CD
:1018400021F00801818270470029818902D041F48A
:10185000004101E0C1F30E01818170470029818AB6
:1018600002D041F4006101E021F4006181827047FF
:10187000828A22F004028282828A0A43828270472C
:101880000029818A02D041F0020101E021F0020129
:10189000818270470246002012880A4200D001204F
:1018A0007047C9430180704770B501F01F050126DC
:1018B0000024C1F3421306FA05F2012B0FD0022BCC
:1018C0000FD0838A4FEA11210088134206FA01F6ED
:1018D00000EA060001D000B10124204670BD8389D2
:1018E000F0E7038AEEE70A0A01219140C94301802B
:1018F00070470000003801400044004000480040AC
:10190000004C0040005000402DE9FF4F89B01546C3
:10191000894606464FF07E5BFE4C1699B0F5000FE7
:1019200001DB584602E080F00046FB486060084654
:1019300007F0C4FA07468846484607F0BFFA8146D2
:101940008A46304607F0BAFAF44A0697CDE907828C
:10195000CDE904780023CDE90233CDE9009A1A4697
:1019600005F0C6F8B5F5000F01DB584602E0EA487D
:1019700085F00045A060179807F0A0FA07460E46CC
:101980000C9807F09BFA80468946284607F096FA9D
:10199000E24ACDE906766832089200220DF1080A83
:1019A000134605968AE88C00CDE9008905F0A0F879
:1019B000DB4900200860012020706070207800283A
:1019C000FCD160780028F9D10DB0BDE8F08F2DE989
:1019D000FC5FDFF85483D34CDFF850B300944146EA
:1019E00043465A4600200194FFF78EFFDFF840A3DC
:1019F00020215046FEF79BFECE4F4FF00109060016
:101A000087F80090CC4D02D04FF0804001E04FF0BD
:101A10004040C5F8600220215046FEF788FEB042E3
:101A2000F9D00026C5F860623E70C44F87F8009078
:101A30000121072005F092FC4FF4FA7003F02FFA11
:101A40005D46DFF8FC92DFF8FCA205F088FB8346D8
:101A500007F01BFAAC3800D54042052849DA3E7041
:101A60000094234600222146B7480194FFF74CFF1B
:101A700000942346B54A214600200194FFF744FF15
:101A80000121372005F06AFC4FF47A74204603F0F8
:101A900006FA0121CB2005F061FC40F6B83003F0D6
:101AA000FEF90121422005F059FC204603F0F7F928
:101AB000A74900910B464FF0404200200191FFF7EB
:101AC00023FF0121CD2005F049FC4FF4965003F08F
:101AD000E6F90121582005F041FC204603F0DFF92A
:101AE0000121422005F03AFCBDE8FC5FC82003F06C
:101AF000D6B94946584606F099FF514606F0CEFF42
:101B000002462B460095414600200195FFF7FCFE5A
:101B10009BE72DE9FC5F0121732005F01FFC40F2DB
:101B2000DC5003F0BCF9DFF82C82DFF81892884D06
:101B3000894E05F014FB044607F0A7F9823800D55A
:101B4000404205280FDB4146204606F06FFF49461C
:101B500006F0A4FF0246294600950B460020019599
:101B6000FFF7D2FEE5E77D4F7D4C4FF0404A05F090
:101B7000F6FAB84220DD0096334600223146794815
:101B80000196FFF7C1FE294600950B4600226248E8
:101B90000195FFF7B9FE009633466B4A31460020A7
:101BA0000196FFF7B1FE01216D2005F0D7FB4FF440
:101BB0007A6003F074F908E0CDE900463346214627
:101BC00000225046FFF7A0FED1E705F0C8FA044610
:101BD00007F05BF9823800D54042052806DA002478
:101BE00042F6F82ADFF880B1604F0FE04146204608
:101BF00006F01CFF494606F051FF024629460095B3
:101C00000B4600200195FFF77FFEDEE705F0A7FAFF
:101C1000009007F03AF9823800D5404205280EDAE4
:101C200030203870022C5BDA4121514803F094FADD
:101C300038783028FCD03878422810D021E041464E
:101C4000009806F0F3FE494606F028FF02462946B2
:101C500000950B4600200195FFF756FED6E7012CB4
:101C60000FD00121792005F079FB42F2107003F0CA
:101C700016F9294600950B4600223E480195FFF7CC
:101C800043FE3878422811D1012C0FD1012179204F
:101C900005F064FB42F2107003F001F9294600954B
:101CA0000B46002258460195FFF72EFE3878432850
:101CB00009D1012C07D0294600950B4600222D485A
:101CC0000195FFF721FE3878432809D1012C07D16F
:101CD000294600950B46002258460195FFF714FE51
:101CE000A01E04287BD24121214803F035FA387820
:101CF0003028FCD03878422843D1052C41D001212E
:101D00007B2005F02BFB504603F0C9F829460095CF
:101D10000B4631E028000020000080BFE0000020DA
:101D2000BC000020000070420000B4420000F041FE
:101D300000080140B900002018980020BA000020D7
:101D400000002C4300007041000080C0000060C013
:101D50000000A041000002430000C84200004843C8
:101D600000002042000050419A991941A000002033
:101D7000005000409A9901410022FD480195FFF76B
:101D8000C3FD3878422810D1052C0ED101217B20CB
:101D900005F0E4FA504603F082F8294600950B4618
:101DA000002258460195FFF7AFFD3878432809D146
:101DB000052C07D0294600950B460022EC480195DA
:101DC000FFF7A2FD3878432809D1052C07D1294611
:101DD00000950B46002258460195FFF795FDA01F80
:101DE000022852D24121E34803F0B6F9387830286E
:101DF000FCD03878422811D1072C0FD001217D204A
:101E000005F0ACFA42F2107003F049F8294600954B
:101E10000B460022D6480195FFF776FD3878422818
:101E200015D1072C13D101217D2005F097FA42F23C
:101E3000107003F034F8314600960B460022284615
:101E40000196FFF761FD01210A2005F087FA387835
:101E5000432809D1072C07D0294600950B460022BC
:101E6000C3480195FFF750FD387843280DD1072C62
:101E70000BD1314600960B46002228460196FFF70B
:101E800043FD01210A2005F069FA641C082CFFF6C5
:101E9000ACAEBDE8FC5F4421B64803F05DB92DE966
:101EA000F04F87B0642002F0FAFF4FF44070FEF765
:101EB00055FA03F000F94FF4FA7002F0F0FF03F066
:101EC000AEF803F0FCFC03F0CFFA03F046FB03F09E
:101ED000AAFB03F006FC03F0CCFE05F01BF903F0AF
:101EE000A7F903F038FA04F0ABF803F087FDA24835
:101EF00002AC032307C884E8070002AA01211846A0
:101F000003F011FF6420002305901A4601210520EB
:101F100003F009FF012305AA1946184603F003FF41
:101F200096486121017000254570954F954C01261A
:101F3000FD6008212046FEF7FAFB00B1FE60042197
:101F40002046FEF7F4FB10B10220F86002E0F868CA
:101F50000028EED0387B3030C1B2864803F0FCF860
:101F600001210A2005F0FAF985484FF4C87740F2BC
:101F7000145BC068012804D0022874D0002007B088
:101F800023E5DFF80492CDF8009049460B467F4ADE
:101F90007F48CDF80490FFF7B7FC7F497D48C1F832
:101FA00050028846D8F880027A4906F03FFD7B4906
:101FB00006F042FD06F069FF002800DA40420528DD
:101FC000F0DA384602F06BFF0121042005F0C6F973
:101FD000584602F064FFDFF8C8A140215046FEF7E2
:101FE000A6FBDFF8C0B107468BF800606E48464696
:101FF000C8F8640240215046FEF799FBB842F9D078
:10200000B246C6F864528BF80050DFF89081002188
:102010004346CDF80080654A0846CDF80480FFF7B6
:1020200073FC01214E2005F099F94FF4AF6002F0E6
:1020300036FF33214F4803F08FF85D4F3D70002687
:102040004FF4AF7B1CE03878342808D166B1012109
:102050004D2005F083F9584602F021FF3D70387895
:1020600035280DD102E05AE20126F7E7002E7DD097
:102070000121632005F072F9584602F010FF3D700F
:1020800038783628DFD138783628FCD10121042071
:1020900005F064F94FF4FA6002F001FF454E009636
:1020A0003346454A314600200196FFF72DFC0121B9
:1020B000142005F053F9414900910B460022404895
:1020C0000191FFF721FC4B46CDF800903D4A314687
:1020D0003D48CDF80490FFF717FC3C485746CAF836
:1020E000500282464646D7F88002514606F09EFCD2
:1020F000314606F0A1FC06F0C8FE002800DA404296
:102100000528F0DAFFF705FDD046C7F850A22248AF
:10211000D0F88002414606F089FCB346314606F00D
:102120008BFC06F0B2FE002800DA40420528EEDA09
:10213000154E00963346264A314600200196FFF799
:10214000E3FB009643460022314622480196FFF702
:10215000DBFBDFF88490214E05F027F80746484561
:10216000FADC06F092FE21383BD539E04BE0000066
:102170009A9901410050004010A50008A2000020DB
:1021800028000020001801400000C8420000D14390
:10219000000054C20000874318980020000020412E
:1021A00000080140BA0000200000A041000080BFEC
:1021B000A00000200000484200000CC20000704255
:1021C0000000DCC20000E6C2000078C20000B44299
:1021D000000002C300005CC2000016440000F04191
:1021E000404202281BDBFE49384606F01FFCFD4931
:1021F00006F054FC02463346009641460020019604
:10220000FFF782FBA8E7012639E7F7483146CDE919
:10221000006053460022F548FFF776FB00E0C24617
:102220001021F348FEF783FA0028EED0F14C009419
:1022300023464FF07E52214600200194FFF764FBB5
:102240000094234600222146EB480194FFF75CFBF3
:102250004FF47A7002F023FE0121332005F07EF85E
:102260004FF4FA6002F01BFEE44FDFF89483002481
:1022700043464FF0804251460020CDE90067FFF70A
:1022800043FB43464FF0404251460020CDE90067F2
:10229000FFF73AFB641C032CEADB4FF4FA64204698
:1022A00002F0FDFD0121322005F058F8204602F031
:1022B000F6FD0121D12005F051F840F6C41002F0DE
:1022C000EEFDD049C1F850A28A465C46DAF8800299
:1022D000CD4906F0ABFB214606F0AEFB06F0D5FD7E
:1022E000002800DA40420528F0DAFFF770FBC74803
:1022F000DFF814B300905B460190C54A19460020F0
:10230000FFF702FBB849C348CDE900015B46002254
:102310001946C148FFF7F8FA01210A2005F01EF816
:1023200040F6B83002F0BBFDCAF850B25E46D34664
:10233000DBF88002314606F079FB214606F07CFB93
:1023400006F0A3FD002800DA40420528F0DADFF8A5
:1023500094A204F02AFF04464845FADC06F095FDF5
:10236000213800D54042052818DB9D49204606F05B
:102370005DFB514606F092FBA84B024600933146A6
:1023800000200193FFF7C0FAE3E7CDE9006A314688
:102390009D4B00224846FFF7B7FA05E0DFF84C9264
:1023A000934CDFF844A29B4E10212046FEF7BFF964
:1023B0000028EAD08F4C009423464FF07E522146ED
:1023C00000200194FFF7A0FA009423460022214642
:1023D00089480194FFF798FA4FF47A7002F05FFD94
:1023E0000121332004F0BAFF4FF4FA6002F057FDE8
:1023F000C146DFF8148200244B464FF0804241462C
:102400000020CDE90067FFF77FFA4B464FF04042CE
:1024100041460020CDE90067FFF776FA641C032CE3
:10242000EADB4FF4FA6002F03AFD0121322004F0B9
:1024300095FFCDF800A0C146414643466D4A0020B5
:10244000CDF804A0FFF760FA75485F46CBF850025C
:10245000724C8046D7F88002414606F0E7FA2146E2
:1024600006F0EAFA06F011FD002800DA40420528DD
:10247000F0DAD046CDF800A049464B460022694824
:10248000CDF804A0FFF740FADFF86891DFF898A1D3
:1024900004F065FE834606F0F8FC453800D540425E
:1024A00005280ADA0121DC2004F058FF41F28830C7
:1024B00002F0F5FCC7F850520FE05146584606F0BE
:1024C000B5FA494606F0EAFA0246314600960B464E
:1024D00000200196FFF718FADAE7D7F880022146C4
:1024E00006F0AAFA06F0D1FC002800DA40420528DE
:1024F000F3DA4FF4FA7002F0D2FC444C4146CDE9D5
:1025000000842346494A0020FFF7FEF90094234641
:102510000022214646480194FFF7F6F9FEE7DFF86E
:10252000ECA0CDF800A051460B46424A4248CDF8F7
:1025300004A0FFF7E9F933493348C1F8500288464F
:10254000D8F88002304906F071FA344906F074FA7E
:1025500006F09BFC002800DA40420528F0DA3846F5
:1025600002F09DFC0121042004F0F8FE584602F020
:1025700096FCDFF8C8B040215846FEF7D8F8DFF8DF
:10258000C090074689F800601A484646C8F86402B9
:1025900040215846FEF7CBF8B842F9D0B346C6F80A
:1025A000645289F80050DFF8749000214B46CDF852
:1025B00000900E4A0846CDF80490FFF7A5F90121D6
:1025C0004E2004F0CBFE4FF4AF6002F068FC3321E4
:1025D0001C4802F0C1FD1C4F3D70002636E0000093
:1025E00000000442000070C100007042000080BF83
:1025F000001801400000A0419A997940000016435C
:1026000000004843189800200000B4420000C8426F
:102610000000A0C10000F041000020C100002041E6
:1026200000008743000090C000008A42000062C39F
:102630000000A0420080D343000054420008014043
:10264000BA00002000500040A00000204FF4AF78F6
:102650001BE03878342808D15EB101214D2004F008
:102660007DFE404602F01BFC3D70387835280CD1C9
:1026700001E00126F8E7002E7ED00121632004F05E
:102680006DFE404602F00BFC3D7038783628E0D1F4
:1026900038783628FCD10121042004F05FFE4FF485
:1026A000FA6002F0FCFBF74E00963346F64A3146DC
:1026B00000200196FFF728F90121142004F04EFEB6
:1026C000F249F34F00910B46002238460191FFF783
:1026D0001BF9CDE9006A5346EE4A31463846FFF70A
:1026E00013F9ED485F46CBF8500282464E46D7F8C4
:1026F0008002514606F09AF9314606F09DF906F03F
:10270000C4FB002800DA40420528F0DAFFF701FA9E
:10271000C7F850A2E148D0F88002DF4906F086F9F8
:10272000B346314606F088F906F0AFFB002800DA20
:1027300040420528EEDADA4E00963346D94A314651
:1027400000200196FFF7E0F8D74F00963B460022A5
:102750003146D6480196FFF7D7F8DFF85493B846CC
:10276000D44E04F022FD07464845FADC06F08DFB06
:10277000213800D5404200E011E002281BDBCE49A1
:10278000384606F053F9CD4906F088F9024633463B
:102790000096414600200196FFF7B6F8E1E70126D2
:1027A00072E7BA483146CDE9006053460022C4487A
:1027B000FFF7AAF800E0C2461021C248FDF7B7FFB4
:1027C0000028EED0C04C009423464FF07E522146A4
:1027D00000200194FFF798F8009423460022214638
:1027E000BA480194FFF790F84FF47A7002F057FB63
:1027F0000121332004F0B2FD4FF4FA6002F04FFBE8
:10280000B34FDFF8D0820024AA4E43464FF08042F7
:1028100051460020CDE90067FFF776F84346CDE941
:102820000067B20251460020FFF76EF8641C032CCB
:10283000EADB4FF4FA64204602F031FB012132203A
:1028400004F08CFD204602F02AFB0121D12004F087
:1028500085FD40F6C41002F022FB90498E48C1F875
:1028600050025C468D48D0F880028B4906F0DEF8B5
:10287000214606F0E1F806F008FB002800DA4042A5
:102880000528EFDAFFF7A3F885480090534601903A
:10289000914A19460020FFF737F8DFF8F0B1854874
:1028A000CDE9000B5346002219468C48FFF72CF85F
:1028B00001210A2004F052FD40F6B83002F0EFFA90
:1028C00004F073FC04464845FADC06F0DEFA2138D1
:1028D00000D54042052818DB7749204606F0A6F8C7
:1028E000764906F0DBF87E4B024600935146002005
:1028F0000193FFF709F8E3E751464B460022704881
:10290000CDE900ABFFF700F803E0D1466D4CDFF8EE
:10291000A4A110212046FDF70AFF0028ECD06A4C44
:10292000009423464FF07E52214600200194FEF78A
:10293000EBFF009423460022214664480194FEF7F1
:10294000E3FF4FF47A7002F0AAFA0121332004F079
:1029500005FD4FF4FA6002F0A2FA00245646434601
:102960004FF0804249460020CDE90067FEF7CCFFDA
:1029700043464FF0404249460020CDE90067FEF74C
:10298000C3FF641C032CEADB4FF4FA6002F087FA01
:102990000121322004F0E2FCDFF82CA14B46D8469E
:1029A000CDF800B04C46524619460020CDF804B090
:1029B000FEF7AAFF394FC7F85042A146484CD7F856
:1029C0008002494606F032F8214606F035F806F056
:1029D0005CFA002800DA40420528F0DACDF80080E1
:1029E00049464B4600223F48CDF80480FEF78CFF55
:1029F000DFF8F49004F0B3FB834606F046FA45385E
:102A000000D5404205280ADA0121DC2004F0A6FCAA
:102A100041F2883002F043FAC7F850520FE04946BD
:102A2000584606F003F8514606F038F8024631469B
:102A300000960B4600200196FEF766FFDAE7D7F80E
:102A40008002214605F0F8FF06F01FFA002800DAA0
:102A500040420528F3DA4FF4FA7002F020FA104CE5
:102A60004146CDE900842346204A0020FEF74CFF72
:102A700000942346002221461D480194FEF744FF9E
:102A8000FEE700000000484200000CC20000704257
:102A90000000DC420000E6C20000874318980020D6
:102AA0000000C842000002C30000B44200005CC243
:102AB000000016440000F04100000442000070C114
:102AC000000080BF001801400000A0413333734074
:102AD00000001643000048430000A0C1000020C1D0
:102AE00000002041000090C000008A42000046C360
:102AF00000009EC22DE9FC5FFF4FFE4CDFF8FCB3E7
:102B0000009439463B465A4600200194FEF7FCFEED
:102B100001212C2004F022FC40F6C41002F0BFF981
:102B2000DFF8DCA320215046FDF701FEDFF8D49347
:102B30004FF00108060089F80080F34D01D03803FA
:102B400001E04FF04040C5F8600220215046FDF7FB
:102B5000EEFDB042F9D00026C5F8606289F8006049
:102B60004046DFF8A88388F800003D465F46DFF85E
:102B7000A093DFF8A0A304F0F2FA834606F085F9EB
:102B8000A23800D54042052809DA88F8006004F030
:102B900039FCBDE8FC5F4FF4FA6002F080B94946A9
:102BA000584605F043FF514605F078FFCDE9007423
:102BB000024629462B460020FEF7A6FEDBE72DE95C
:102BC000FC47D54CCC4F00942346D44A39460020CC
:102BD0000194FEF799FE00943B4600222146D0481E
:102BE0000194FEF791FECF4EDFF83C83C14CC34DFC
:102BF00004F0DBFA814606F048F9253800D540425A
:102C0000022818DB3146484605F010FF414605F022
:102C100045FFCDE90054024639463B460020FEF709
:102C200073FEE5E7CDE9005429463B4600223046D5
:102C3000FEF76AFE02E0BD4EDFF8F4821021404646
:102C4000FDF775FD0028EDD0BA49CDE900544E02DC
:102C50003B4600223046FEF757FE4FF47A7002F0F2
:102C60001EF9B146B44EDFF8D48200244FF0404A3A
:102C7000CDE9005643464A4639460020FEF744FE59
:102C8000CDE900564346524639460020FEF73CFE49
:102C9000641C032CECDBBDE8FC474FF4FA6002F047
:102CA000FEB82DE9FC5F0121E12004F057FB4FF451
:102CB000FA66304602F0F3F8DFF85C82DFF838920B
:102CC00000234446CDF800801A464D4649469C48AC
:102CD000CDF80480FEF718FE002100942B46994A97
:102CE00008460194FEF710FE701002F0D8F801219A
:102CF000DD2004F033FB40F6B83B584602F0CFF835
:102D00000121DC2004F02AFB304602F0C8F8DFF88D
:102D100038A23121504602F01FFA8C4F00263E7037
:102D2000744C8B4D38780028FCD0387837286CD01C
:102D30003878382873D0387839287ED038783028D9
:102D40006BD03878322872D038783328EAD13E7088
:102D50003221504602F000FA7E4804F0AFFB7E4973
:102D60007C4804F0F2FF7DA332221E21794804F052
:102D7000E8FE784804F0D1FB0121DB2004F0EEFAF4
:102D80005E46584602F08BF83721504602F0E4F9CF
:102D90004FF47A77384602F082F80121DA2004F005
:102DA000DDFA304602F07BF83821504602F0D4F9C3
:102DB000384602F074F80121DD2004F0CFFA3046E5
:102DC00002F06DF83121504602F0C6F904F01AFB0A
:102DD000384602F064F800214646CDF800804F46A0
:102DE0004B46614A0846CDF80480FEF78DFD00236E
:102DF00000961A4639465D480196FEF785FD3F4E1E
:102E0000DFF82891DFF8288127E0009429462B4637
:102E1000574A019408E002E00FE015E007E0554A48
:102E2000009429462B4601940020FEF76DFD3E706C
:102E30003121504602F090F974E7009429462B4660
:102E400000224C480194F0E7009429462B460022CA
:102E500047480194E9E7FEF757FD10214046FDF78A
:102E600066FCCDE9006400284FF000013B464A466D
:102E70000846F0D1FEF748FDBA462F464D4607E01A
:102E8000CDE900645346002239462846FEF73CFD52
:102E900010214046FDF74BFC0028F1D00121E02035
:102EA00004F05CFABDE8FC5F41F2883001F0F7BF46
:102EB00070472DE9FC5F0121002004F04FFA4FF428
:102EC0007A6001F0ECFF0121BE2004F047FA40F6E1
:102ED000B83001F0E4FF084C064E164D04F03FF9FF
:102EE000074605F0D2FFBC3800D5404205287CDA01
:102EF000202141E0000070420000B4420000F04197
:102F000000080140B900002018980020BA000020F5
:102F100000002243000070410000C842000016C3B8
:102F2000000070C200001442000070C1000080BFA9
:102F3000001801400000A041000016430000484373
:102F4000000058410000084200500040A00000204E
:102F50000000204194940020F2AE00084F4B4F4BEC
:102F60004F4B4F4B0000000000000CC2000020C17E
:102F70009A99993E9A9999BEDFF804944846FDF7CC
:102F8000D6FBDFF800840121074688F80010DFF83F
:102F9000FCA3FD49CAF8601220214846FDF7C7FB93
:102FA000B842F9D04FF00009CAF8609288F8009052
:102FB000F748CDE90006A346214623464A464FF08E
:102FC0004140FEF7A1FCF248F24FCDE900702946DE
:102FD0002B4600224FF07C50FEF796FC01216E201C
:102FE00004F0BCF940F6B83000E00BE001F057FF08
:102FF0004FF47A7001F053FF0024DFF89CA3DFF850
:103000009C832DE0E649384605F010FDE54905F0C2
:1030100045FDCDE900560246214623460020FEF735
:1030200073FC5BE7022C09D0062C14D0C4B1DE4837
:1030300029462B460022CDE9007630E0012172209E
:1030400004F08CF94FF4E16001F029FF29462B468A
:103050000022D648EFE729462B460022D448EAE76B
:1030600004F07DF8009005F010FFBC3800D5404218
:10307000052807DA082C2CD2DFE804F02B142B2BC0
:103080002B2B1922C649009805F0D0FCC54905F044
:1030900005FDCDE90056024659465B460020FEF785
:1030A00033FCDDE729462B460022C2480CE0CDE97F
:1030B0000076002229462B461046FEF725FC10E03C
:1030C000002229462B461046CDE90076FEF71CFC6F
:1030D0000FE0022C02D0062C03D00AE0012173205D
:1030E00001E00121772004F039F94FF4E16001F0AB
:1030F000D6FE88F800903121504602F02DF8404667
:1031000001780029FCD00078332808D098F8001006
:103110004046342902D00078352866D0FFE0022CE2
:1031200002DA01216F2009E0A01E042802D2012149
:10313000742003E0062C07DB0121782004F00EF94F
:1031400040F6AC5001F0ABFE3321504602F004F8DB
:1031500088F8009098F800003128FBD1022C02DAA0
:103160000121702009E0A01E042802D2012175204F
:1031700003E0062C07DB0121792004F0EFF84FF47F
:103180007A6001F08CFE4FF4FA7001F088FE322173
:10319000504601F0E1FF404688F80090017831295F
:1031A000FCD1022C0ADA0121712004F0D7F840F694
:1031B000B83001F074FE01216E20AAE0A01E0428A0
:1031C0000AD20121762004F0C9F840F6B83001F0A7
:1031D00066FE012173209CE0062C7DDB01217A2014
:1031E00004F0BCF840F6B8308FE0734804F066F99C
:1031F0007249714804F0A9FD71A3322200216E4882
:1032000004F09FFC6C4804F088F9022C0BDACDE93D
:10321000007629462B464FF03F426D48FEF774FB7F
:1032200001216F201BE0A01E04280BD2CDE90076FF
:1032300029462B4600224FF03F40FEF765FB012157
:10324000B8200CE0062C10DBCDE9007629462B4691
:10325000604A4FF07C50FEF757FB0121B92004F083
:103260007DF84FF47A6001F01AFE3321504601F0E8
:1032700073FF88F8009098F800003128FBD1022CE9
:1032800004DBA01E042801D3062C07DB0121B42097
:1032900004F064F84FF47A6001F001FE4FF4966098
:1032A00001F0FDFD3221504601F056FF404688F8FE
:1032B000009001783129FCD14FF4FA7001F0EFFD54
:1032C000022C0CDA0121B52004F048F841F28830D4
:1032D00001F0E5FD012100E021E0B62019E0A01E8B
:1032E00004280AD20121B52004F038F841F28830D0
:1032F00001F0D5FD0121B7200BE0062C0FDB0121E9
:10330000B52004F02BF841F27C5001F0C8FD0121FA
:10331000772004F023F840F6AC5001F0C0FD641CA7
:10332000082CFFF67FAE5046BDE8FC5F322101F06D
:1033300013BF2DE9FC5F0121002004F00FF841F2DA
:10334000883001F0ACFD0121BE2004F007F840F602
:10335000C41001F0A4FD0E4E1F4D204C03F0FFFEE3
:10336000074605F092FDBC3800D5404205286ADAD0
:10337000DFF80C8020214046FDF7D9F907462FE001
:1033800000080140B90000200000404018980020CB
:10339000000070420000204200500040A0000020C9
:1033A00000003C4300007041000018C1000050C103
:1033B000000040C1CDCC4C3F949400201CA50008D7
:1033C0007975616E6875616E5F67657400000000F5
:1033D000CDCC4CBF9A9999BE0000A0410000B442E8
:1033E000DFF8AC92012189F80010DFF8ACA2A949FE
:1033F000CAF8601220214046FDF799F9B842F9D089
:103400004FF00008CAF8608289F800800096A34651
:103410002146234642464FF082400196FEF774FA59
:1034200001216E2003F09AFF40F6B83001F037FD1D
:103430004FF47A7001F033FD0024DFF860A2DFF86A
:103440006092984F2DE09849384605F0EFFA974979
:1034500005F024FBCDE90056024621462346002014
:10346000FEF752FA7AE7022C09D0062C14D0C4B128
:103470008F4829462B460022CDE900A62DE00121E8
:10348000722003F06BFF4FF4E16001F008FD294664
:103490002B4600228748EFE729462B460022864824
:1034A000EAE703F05CFE009005F0EFFCBC3800D5C5
:1034B0004042052804DA022C12D0062C13D01AE060
:1034C0007949009805F0B2FA784905F0E7FACDE9B4
:1034D0000056024659465B460020FEF715FAE0E723
:1034E0000121732001E00121772003F037FF4FF421
:1034F000E16001F0D4FC3121484601F02DFE87F84F
:10350000008038780028FCD03878332806D0387806
:1035100034286BD03878352872D067E0022C02DA74
:1035200001216F2009E0A01E042802D2012174208D
:1035300003E0062C07DB0121782003F00FFF40F6A3
:10354000AC5001F0ACFC3321484601F005FE87F891
:10355000008038783128FCD1022C02DA0121702059
:1035600009E0A01E042802D20121752003E0062CE8
:1035700007DB0121792003F0F1FE4FF47A6001F0BE
:103580008EFC4FF4FA7001F08AFC3221484601F0BB
:10359000E3FD87F8008038783128FCD1022C71DAFD
:1035A0000121712003F0DAFE40F6B83001F077FC1B
:1035B00001216E2014E00121762003F0CFFE40F6B9
:1035C000B83001F06CFC0121732009E001217A2060
:1035D00003F0C4FE40F6B83001F061FC0121772011
:1035E00003F0BCFE40F6AC5001F059FC641C082C02
:1035F000FFF639AF4846BDE8FC5F322101F0ACBDB3
:10360000022C02DA01216F2009E0A01E042802D258
:103610000121742003E0062C07DB0121782003F050
:103620009DFE40F6AC5001F03AFC3321484601F0D3
:1036300093FD87F8008038783128FCD1022C02DA1B
:103640000121702009E0A01E042802D2012175206A
:1036500003E0062C07DB0121792003F07FFE4FF405
:103660007A6001F01CFC4FF4FA7001F018FC322172
:10367000484601F071FD87F8008038783128FCD188
:103680008CE7FFE7A01E042895D3062C9EDAADE751
:10369000B9000020000040C018980020000020421F
:1036A00000500040A000002000003C43000070419A
:1036B00000001041000050410000404170B5D54D60
:1036C00040F2255421462846FEF7EEF820B1284660
:1036D000FEF783F8D049087021462846BDE87040BF
:1036E000FEF701B910B5CD4C40F224412046FEF75B
:1036F000DBF800281ED02046FEF76FF8C848C16BE3
:10370000026C1144426C836C1A441144A831426D1E
:10371000C9B291420FD1416C806C41EA002005F0A2
:10372000AFFB6FF00E0105F0F7F9BE4905F084F923
:10373000BD49086010BDBD4C00212046FCF7FDFED0
:10374000BA4A1621303A51632046BDE810400121A3
:10375000FCF7F3BE10B5B64C40F225512046FEF7FB
:10376000A3F8002806D02046FEF737F805F088FBBE
:10377000B049086010BD70B5AF4D40F225542146E8
:103780002846FEF791F820B12846FEF726F8AB4907
:10379000087021462846BDE87040FEF7A4B870B511
:1037A000A74D40F2255421462846FEF77DF820B16A
:1037B0002846FEF712F89849087021462846BDE8C9
:1037C0007040FEF790B810B59E4C01212046FDF7E1
:1037D000F8FE002807D002F03EF92046BDE8104070
:1037E0000121FDF7FABE10BD70B501218D072846F5
:1037F000FDF7E7FE002836D02888934E0009934C49
:10380000C0071CD029882846C90612D52168491E40
:103810002160FDF7C8FE0146206800EB800201EB45
:103820008221F26F891A40F6B832D14201DA401C87
:1038300020602846BDE870400121FDF7CEBE20681B
:10384000401C20602846FDF7AEFE216801EB810296
:1038500000EB8220F26F801A40F6B8329042E8DD29
:10386000491E2160E5E770BD70B5794D01212846FC
:10387000FDF7A7FE002838D02888734E0009754C44
:10388000C0071DD029882846C90613D52168491EBE
:103890002160FDF788FE0146206800EB800201EB05
:1038A0008221D6F81021891A40F6B832D14201DAC5
:1038B000401C20602846BDE870400121FDF78DBE08
:1038C0002068401C20602846FDF76DFE216801EB52
:1038D000810200EB8220D6F81021801A40F6B8321F
:1038E0009042E7DD491E2160E4E770BD70B55A4D96
:1038F00001212846FDF765FE002838D02888524E61
:103900000009564CC0071DD029882846C90613D582
:103910002168491E2160FDF746FE0146206800EB44
:10392000800201EB8221D6F8A421891A40F6B83230
:10393000D14201DA401C20602846BDE870400121D8
:10394000FDF74BBE2068401C20602846FDF72BFE8B
:10395000216801EB810200EB8220D6F8A421801AB5
:1039600040F6B8329042E7DD491E2160E4E770BDC1
:1039700070B53B4D01212846FDF723FE002838D0C5
:103980002888314E0009374CC0071DD029882846A9
:10399000C90613D52168491E2160FDF704FE0146C2
:1039A000206800EB800201EB8221D6F83822891AC8
:1039B00040F6B832D14201DA401C20602846BDE80A
:1039C00070400121FDF709BE2068401C2060284698
:1039D000FDF7E9FD216801EB810200EB8220D6F8BA
:1039E0003822801A40F6B8329042E7DD491E216045
:1039F000E4E770BD7047FEE7FEE7FEE7FEE77047CD
:103A000010B500F0D6FD012803D0BDE8104001F04C
:103A1000DEB910BD00380140A2000020004800407F
:103A200028950020000034439C0000203000024014
:103A3000004C00409800002000500040A0000020F2
:103A4000004400400010004018980020A40000200E
:103A500000040040A800002000080040AC00002046
:103A6000000C0040B000002000F108014FF0FF32D0
:103A7000C0E90112C16001610021016070470021AD
:103A80000161704742684A6093688B60936859602F
:103A9000916008610168491C0160704730B50C688D
:103AA000621C02D000F1080202E0026904E01A463A
:103AB00053681D68A542FAD953684B6099608A60C3
:103AC000516008610168491C016030BDD0E90132D4
:103AD00001699A60D0E901235A604A68824201D1A3
:103AE00082684A60002202610868401E08607047D0
:103AF0002DE9F041054601F03FF9FE4EB068401C4B
:103B0000B0603068FC4F10B1706930B32BE03560A5
:103B1000B068012827D1002404EB840007EB800063
:103B2000FFF7A2FF641C202CF6D3F448FFF79CFF9C
:103B3000F2481430FFF798FFF0482830FFF794FF61
:103B4000EE483C30FFF790FFEC485030FFF78CFF19
:103B5000EA4870631430B06305E03068E96AC06A0F
:103B6000884200D83560706A0121401C7062E86AA2
:103B7000326981401143316100EB800007EB800026
:103B8000291DFFF77FFF01F011F9706900280CD0A3
:103B90003068E96AC06A884207D2D9494FF080503C
:103BA0000860BFF34F8FBFF36F8FBDE8F0812DE941
:103BB000FF5F8346DDE90E87994616468A469000E8
:103BC00000F084FF05001AD04C2000F07FFF0400B5
:103BD00012D025630021CDE90241CDE900874B4693
:103BE00032465146584600F0ADFE2046FFF780FFB2
:103BF000012004B0BDE8F09F284600F0D2FF4FF04E
:103C0000FF30F6E770B5044601F0B6F8B94D04B9D7
:103C10002C68201DFFF75AFF58B9E06AB64A00EB3E
:103C2000800152F8211021B901218140286988437F
:103C30002861A06A18B104F11800FFF747FF686A0D
:103C4000401C68622868844208D1AC48211D3C3081
:103C5000FFF718FF6868401C686007E0A868401E0E
:103C6000A860204600F0BFFE00F0B0FE01F09EF814
:103C70006869002812D0286884420FD1286B28B1C7
:103C800040F265429FA1A6A005F094FB9C494FF02D
:103C900080500860BFF34F8FBFF36F8F70BD2DE969
:103CA000F041944F0026386B38B1B869401CB861B8
:103CB000F86900B10126304677E7FD686D1CFD60AC
:103CC00011D1786B006828B140F6D9128DA194A06B
:103CD00005F070FB786BB96B7963B863386A401C88
:103CE000386200F073FEB86ADFF80C82854209D3AF
:103CF000786B006880B1786BC068C4686068854282
:103D00000DD2B8623868C06A00EB800158F8210013
:103D10000128CDD90126CBE74FF0FF30F1E7201D78
:103D2000FFF7D4FEA06A18B104F11800FFF7CEFE29
:103D3000E06A01213A6981401143396100EB800159
:103D400008EB8100211DFFF79DFEE06A3968C96A12
:103D50008842CDD30126CBE72DE9F047654D0024FD
:103D60002746286B28B94FF4FD6266A16CA005F0C8
:103D700021FB01F001F8286B401E2863286BE0BB93
:103D8000A8685E4928310126B8B3DFF86C918846EF
:103D9000D8F80010E9B1D8F80C00C46804F1180094
:103DA000FFF794FE201DFFF791FEE06A2A6906FAEC
:103DB00000F11143296100EB800109EB8100211D15
:103DC000FFF760FEE06A2968C96A8842E0D3EE61C5
:103DD000DEE70CB100F0FAFDAC693CB1FFF75FFF24
:103DE00000B1EE61641EF9D10020A861E86920B13C
:103DF000434901273807086000E003E0BFF34F8F15
:103E0000BFF36F8F00F0D2FF3846BDE8F0872DE991
:103E1000F041384E0F460446F5683068001DFFF744
:103E200055FE38B9306890F82C100120884031696F
:103E300081433161601C08D13FB13168BDE8F04178
:103E40002E485030091DFFF71DBE30682C44AC428F
:103E50004460316805D2B06BBDE8F041091DFFF741
:103E60001DBE706B091DFFF719FEB06A844200D2B7
:103E7000B4629AE61F48016B491C016370472DE943
:103E8000F0410E4605004FF0000405D140F27942A2
:103E90001CA123A005F08EFA2EB940F27A4219A196
:103EA0001FA005F087FA134F386B28B140F27B4210
:103EB00014A11BA005F07EFAFFF7DCFFFA68286862
:103EC0008119904202D9884202D804E0884201D880
:103ED000914200D9012429601CB1881A0021FFF702
:103EE00096FFFFF739FF002826D105494FF0805093
:103EF00008601DE038000020B001002030040020E0
:103F000004ED00E02E2E5C2E2E5C46726565525448
:103F10004F535C7372635C7461736B732E63000048
:103F20004572726F723A25732C25640D0A000000E9
:103F3000BFF34F8FBFF36F8F37E610B5040014D077
:103F4000FE49096B39B140F2CF42AFF24801AFF2FE
:103F5000300005F02FFAFFF78DFF00212046FFF714
:103F600056FFFFF7F9FE002807D1F5494FF08050C2
:103F70000860BFF34F8FBFF36F8F10BD70B50500A2
:103F800007D140F2FB42AFF28401AFF26C0005F0C2
:103F900011FAEA4E3068854201D1002070BD00F070
:103FA000EBFE6C6900F002FF706B844202D0B06BD4
:103FB000844201D1022070BDE248844204D1A86A43
:103FC0000028F7D1032070BDDE481438844202D0A7
:103FD0000CB1012070BD042070BD10B5044600F086
:103FE000CBFE0CB9D5480468E46A00F0DFFE204639
:103FF00010BD10B5044600F0FEFE5020EFF3118115
:1040000080F31188BFF34F8FBFF36F8F0CB9CB488C
:104010000468E06A81F3118810BD2DE9F0410026A3
:104020000D460446202908D34FF4B062AFF22C119C
:10403000AFF2141005F0BEF91F2500F09DFEBF4F32
:1040400004B93C68E06AA8423BD03968854206D989
:104050008C4207D03968C96AA94202D902E08C4271
:1040600000D101268046E562A069002802DBC5F187
:104070002000A061B44D08EB8800616905EB800069
:10408000814215D1201DFFF721FD012120B93A6998
:1040900001FA08F082433A61E06A3A6981401143CB
:1040A000396100EB800005EB8000211DFFF7EAFC81
:1040B0003EB1A3494FF080500860BFF34F8FBFF36C
:1040C0006F8FBDE8F04100F071BE70B59B4D286B5D
:1040D00010B10120E86170BD0020E86128699A4EA6
:1040E000B0FA80F0C0F11F0000EB800456F8240005
:1040F00038B940F6F622AFF2F411AFF2DC1005F059
:1041000059F906EB840000F10802416849684160F2
:10411000914201D149684160C868286070BD70B59E
:10412000044600F029FE854D04B92C68201DFFF7D8
:10413000CDFC58B9E06A844A00EB800152F82110A6
:1041400021B901218140286988432861A06A18B1FA
:1041500004F11800FFF7BAFC211D7A48FFF792FC22
:1041600000F024FE686928B100F006FE00F02EFC85
:1041700000F01CFE2868844213D1686990B1286B56
:1041800038B140F25762AFF28421AFF26C2005F0F3
:1041900011F96B494FF080500860BFF34F8FBFF3A8
:1041A0006F8F70BD6748A9680068884202D10020FF
:1041B000286070BDBDE8704087E770B50025040039
:1041C00007D140F28162AFF2C421AFF2AC2005F01A
:1041D000F1F85C496069884205D1A06A28398842B3
:1041E00001D000B90125284670BD70B504002BD060
:1041F000524D2868844231D000F0BEFD2046FFF7C2
:10420000DCFFE8B1201DFFF761FCE06A01212A69AB
:104210008140114329614C4900EB800001EB800093
:10422000211DFFF72FFCE06A2968C96A884207D37D
:1042300043494FF080500860BFF34F8FBFF36F8F3B
:10424000BDE8704000F0B2BD40F2AB62AFF24C315D
:10425000AFF23430BDE8704005F0ACB870BD2DE968
:10426000F0410026040007D140F2E262AFF26C3167
:10427000AFF2543005F09EF800F0BDFD5020EFF392
:10428000118580F31188BFF34F8FBFF36F8F2046E6
:10429000FFF793FFF0B1294F386B20B1294804F1A3
:1042A0001801283814E0E06A3968C96A884200D3E6
:1042B0000126201DFFF70AFCE06A01213A698140CE
:1042C00011433961204900EB800001EB8000211D82
:1042D000FFF7D8FB85F31188304666E41A4E4FF09D
:1042E0008054174D00F089FB30680128FAD92C6002
:1042F000BFF34F8FBFF36F8FF4E71CB50F48002457
:104300002C30CDE900402346802210A11148FFF750
:104310004EFC01280CD0401C2BD140F28472AFF22D
:104320001C41AFF2044002B0BDE8104005F042B8B5
:10433000502080F31188BFF34F8F0DE0380000202C
:1043400004ED00E080040020B001002049444C4509
:1043500000000000DD420008BFF36F8FFF484FF000
:10436000FF31816201214161C460BDE81C4000F061
:10437000C1BC1CBD502080F31188BFF34F8FBFF329
:104380006F8FF6490020486100F0EABCF348C0682E
:10439000704710B500F02FFDF048C06810BDEF4821
:1043A0008068704710B510B104461CB10AE0EB48B4
:1043B0000468FAE740F68C02AFF2B841AFF2A040D1
:1043C00004F0F8FF04F1340010BD70B50D46040090
:1043D00007D140F60632AFF2D441AFF2BC4004F050
:1043E000E9FFDE48016820461831FFF757FB2846F1
:1043F000BDE8704001210AE52DE9F04117460E465F
:10440000050007D140F61732AFF20851AFF2F04085
:1044100004F0D0FFD14C206B38B940F61B32AFF21C
:104420001C51AFF2045004F0C5FF216846F0004073
:104430008861216828461831FFF724FB3846BDE81B
:10444000F0410121E3E42DE9F041C068C4683CB9C2
:1044500040F66132AFF25451AFF23C5004F0AAFF83
:1044600004F118000746FFF731FBBC4D286B01260D
:1044700058B13946BA48FFF705FBE06A2968C96AAE
:10448000884212D90120EE6116E4201DFFF71EFBC1
:10449000E06A2A6906FA00F111432961B14900EB8B
:1044A000800001EB8000211DE5E7002004E470B5E9
:1044B000AA4D06460C46286B38B940F69932AFF241
:1044C000BC51AFF2A45004F075FF44F000403060DE
:1044D000F4683CB940F6A132AFF2D851AFF2C05007
:1044E00004F068FF3046FFF7F1FA201DFFF7EEFAFF
:1044F000E06A01262A6906FA00F111432961994907
:1045000000EB800001EB8000211DFFF7BBFAE06AA1
:104510002968C96A884202D90120EE6170BD002075
:1045200070BD10B5040007D140F6C132AFF22C6166
:10453000AFF2146004F03EFF8848016A2160C06851
:10454000606010BD70B50D46040007D140F6CB3257
:10455000AFF25061AFF2386004F02CFF3DB940F685
:10456000CC32AFF26061AFF2486004F023FF00F09C
:1045700003FC7A4AD06829684B1C0FD02368126A62
:10458000934202D0626882420AD96268801A8842E5
:1045900006D2081A28602046FFF7C3FF002400E077
:1045A000012400F003FC204670BD6C490120C86165
:1045B00070476A48416919B1006B18B10020704713
:1045C0000120704702207047644908680A688069C2
:1045D000D26A0968C2F120028A61704770B50C4640
:1045E000064600F0C9FB5D4D2868406C80B929681B
:1045F000012081F848005CB101212046FFF707FC4B
:1046000059494FF080500860BFF34F8FBFF36F8F51
:1046100000F0CCFB00F0B0FB2868446C002034B103
:1046200016B12968486402E02A68611E516429684D
:1046300081F8480000F0BAFB204670BD2DE9F0413A
:104640001E4615468846074600F096FB434C2068F8
:1046500090F84800022814D02068416CB9434164A6
:104660002168012081F848005EB101213046FFF742
:10467000CEFB3D494FF080500860BFF34F8FBFF332
:104680006F8F00F093FB00F077FB15B12068406C52
:104690002860206890F8480001280DD02068416CFF
:1046A00021EA0801416401252168002081F84800C1
:1046B00000F07CFB28463FE40025F5E72DE9F041BA
:1046C0001F4690460D4604004FF0010607D141F207
:1046D000FD02AFF2D071AFF2B87004F06BFE00F0E3
:1046E0004BFB0FB1606C386094F84800022184F8ED
:1046F0004810B8F1050F0ED2DFE808F00D03060CE4
:104700000A00616C294301E0616C491C616402E0AC
:10471000022803D06564012802D033E0002631E08E
:10472000201DFFF7D3F90D4DE06A01212A69814070
:10473000114329610B4900EB800001EB8000211D32
:10474000FFF7A0F9A06A38B141F23512AFF64C017B
:10475000AFF6340004F02EFEE06A07E038000020D7
:1047600058040020B001002004ED00E02968C96A67
:10477000884207D9B4494FF080500860BFF34F8F8B
:10478000BFF36F8F00F012FB3046A6E52DE9F0472E
:104790001F46DDF8209092460D4604004FF00108B8
:1047A00007D141F26812AFF6A401AFF68C0004F015
:1047B00001FE00F020FB5020EFF3118680F31188FA
:1047C000BFF34F8FBFF36F8F0FB1606C386094F8F9
:1047D0004800022184F84810BAF1050F0ED2DFE834
:1047E0000AF00D03060C0A00616C294301E0616CBC
:1047F000491C616402E0022803D06564012803D0EB
:1048000031E04FF000082EE0A06A38B141F2AF125B
:10481000AFF61011AFF6F80004F0CCFD8B4D286B0D
:10482000012778B104F118018948FFF72BF9E06AF4
:104830002968C96A884216D9B9F1000F12D0C9F89F
:10484000007010E0201DFFF741F9E06A2A6907FABD
:1048500000F11143296100EB80017E4800EB8100EB
:10486000211DE2E7EF6186F311884046BDE8F0873D
:104870002DE9F0418846040007D141F2E312AFF67A
:104880007C11AFF6641004F095FD00F0B4FA5020EE
:10489000EFF3118780F31188BFF34F8FBFF36F8F52
:1048A00094F84800022184F84810616C491C616446
:1048B00001282ED1A06A38B141F20922AFF6BC110D
:1048C000AFF6A41004F076FD604D286B012678B198
:1048D00004F118015E48FFF7D5F8E06A2968C96A53
:1048E000884216D9B8F1000F12D0C8F8006010E065
:1048F000201DFFF7EBF8E06A2A6906FA00F1114380
:104900002961544900EB800001EB8000211DE2E7A2
:10491000EE6187F31188E0E410B558B1044600F069
:104920002BFA94F84800022807D0002400F03EFA41
:10493000204610BD45480468F1E7002084F848008F
:104940000124F3E72DE9F0470E46DDE909848246AC
:104950006FF00301206B01EB82010844089D20F0F9
:1049600007079946780705D040F22B323AA141A0BB
:1049700004F020FD00202218315C82F83410315CF4
:1049800011B1401C1028F6D3002684F84360202D76
:1049900000D31F25201DE562FFF771F804F1180010
:1049A000FFF76DF82461C5F120006462A0616664C0
:1049B00084F848604A465146384600F07EF9206047
:1049C000B8F1000F01D0C8F800404FE71F48416B15
:1049D000096829B1416BC968C96849688162704733
:1049E0004FF0FF31FAE710B50446006B00F0D9F83C
:1049F0002046BDE8104000F0D4B870B5144E134DF9
:104A000014361CE0FFF736FA306820B10024FFF7B7
:104A1000A3F9A4B901E00124F9E700F0ADF9F068C9
:104A2000C468201DFFF752F8A868401EA860686897
:104A3000401E686000F0BAF92046FFF7D4FF6868AE
:104A40000028DFD170BD000004ED00E03800002038
:104A500058040020B00100202E2E5C2E2E5C4672E1
:104A6000656552544F535C7372635C7461736B730E
:104A70002E6300004572726F723A25732C25640D07
:104A80000A00000030B5744900E011460A6882420D
:104A9000FBD34B685C18844203D1406818444860DB
:104AA000084643681C18944209D16B4C103C24689A
:104AB000A24209D052681A4442600A681268026031
:104AC000814200D0086030BD0460F9E72DE9F04173
:104AD00005460026FFF7CEF95F4F103F386808B94A
:104AE00000F098F8F86805424ED1002D4CD00835FA
:104AF00068070BD005F00700C0F1080005446807FF
:104B000004D0BF2255A15FA004F054FC002D3BD07F
:104B10007868854238D850490846046801E0214643
:104B200004466068A84202D220680028F7D138689D
:104B3000B846844228D00E6820680860606808364D
:104B4000401B10280ED96719780704D0EC2243A126
:104B50004CA004F02FFC6068401B7860384665600C
:104B6000FFF790FF6168D8F804004246401AC8F881
:104B70000400D8F80830984200D29060D8F80C00B1
:104B800001430020C4E90001FFF7E6F8700705D0F3
:104B90004FF4967231A13BA004F00CFC3046BDE806
:104BA000F08170B500282BD02B4DA0F10804103DEA
:104BB0006068E968084205D14FF4A07227A131A0CE
:104BC00004F0F8FB206828B140F2411223A12DA087
:104BD00004F0F0FB6068E968084211D02268002AFE
:104BE0000ED188436060FFF745F960686968084442
:104BF00068602046FFF746FFBDE87040FFF7ACB89D
:104C000070BD1548103840687047134810388068E8
:104C1000704770471F484FF41041420706D0C01D2F
:104C20001C4920F00700411AC1F510410A4A00232F
:104C30000144C2E900030839103A21F0070111606C
:104C40004B600B600B1AC0E9001393604FF00040FB
:104C50005360D06070470000840000202E2E5C2E30
:104C60002E5C4672656552544F535C706F72745C73
:104C70004D656D4D616E675C686561705F342E6374
:104C8000000000004572726F723A25732C25640D86
:104C90000A0000009404002069484068401C04D0C9
:104CA000F42268A171A004F085FB502080F31188E4
:104CB000BFF34F8FBFF36F8FFEE710B5031F4FF0A9
:104CC00080741C601B1F21F001011960191F6B4BC0
:104CD0000B60143940380A6010BD69484FF47A718E
:104CE0000068B0FBF1F14FF0E020491E416107215F
:104CF000016170471CB5634908780190FF20087076
:104D000008788DF800009DF800004D4A00F0500032
:104D100010700720906007E09068401E90609DF83A
:104D2000000040008DF800009DF800000006F3D45C
:104D3000107A000200F4E060906001980870524818
:104D4000016841F470010160016841F07041016047
:104D5000FFF7C3FF00205060FBF708FA00201CBDDE
:104D600037484068B0F57A7F05D04FF4B57235A169
:104D70003EA004F01FBB7047502080F31188BFF3A2
:104D80004F8FBFF36F8F2E494868401C4860012841
:104D90000BD13D481C38006810F0FF0F05D04FF4D0
:104DA000BD7228A131A004F005BB704710B5244C9A
:104DB000606828B940F2811222A12CA004F0FAFA0E
:104DC0006068401E606001D180F3118810BD10B58D
:104DD000502080F31188BFF34F8FBFF36F8FFEF722
:104DE0005EFF20B128494FF080501C390860002038
:104DF00080F3118810BD10B5FBF7EEF9104C1028A8
:104E00000CD300F1E02090F8F0032178884205D21D
:104E10004FF42A720BA115A004F0CCFA1A481438EA
:104E20000068A16800F4E060884207D9BDE810403E
:104E30004FF42E7203A10DA004F0BCBA10BD000007
:104E40008C0000202E2E5C2E2E5C4672656552541E
:104E50004F535C706F72745C525644535C41524DB8
:104E60005F434D335C706F72742E63004572726FD6
:104E7000723A25732C25640D0A000000994C000835
:104E80000000002000E400E020ED00E003E00A2143
:104E9000491E89B2FCD2401E80B2F8D2704742F659
:104EA000E06303E01946491E89B2FCD2401E80B27D
:104EB000F8D2704708B527208DF8000000208DF843
:104EC00001008DF8020001208DF803006846FBF711
:104ED0004AFA08BD10B501218CB00846FBF7B0FDB9
:104EE000564C2046FBF792FA00211620CDE902101D
:104EF000534801900A9180200590E2142020CDE9CA
:104F000007205048049100904FF4405009900692B9
:104F100069462046FBF7E7FA01212046FBF70DFB27
:104F20000CB010BD10B586B001212020FBF791FD1B
:104F30004FF48070ADF8100018208DF81300032096
:104F4000414C8DF8120004A92046FBF79AFB61152D
:104F5000ADF8101004218DF8131004A92046FBF7BA
:104F600090FB01210846FBF774FD01213748FBF750
:104F700013FC01218804FBF775FD4FF416500090D7
:104F80000020ADF80400ADF80600ADF80800ADF85B
:104F90000C002C4C0C20ADF80A00241F694620465A
:104FA000FCF74EFB012240F224412046FCF7C5FBF2
:104FB000012240212046FCF7D8FB01212046FCF7C6
:104FC000B2FB06B010BD10B521A086B0D0E900102C
:104FD000CDE9001020A01B4CD0E90010CDE9021053
:104FE0001FA0241FD0E90010CDE904100522694656
:104FF000204600F0BCF86420FFF751FF052202A90B
:10500000204600F0B4F86420FFF749FF052204A908
:10501000204600F0ACF86420FFF741FFD1E710B55F
:10502000FFF748FFFFF756FFFFF77CFFFFF7CBFFC7
:10503000BDE810404FF49670FFF731BF30000240DA
:10504000289500200448004000140140300014005E
:10505000FFAA6988B5000000FFAA760000000000E2
:10506000FFAA00FF0000000010B501218CB0084627
:10507000FBF7E6FC874C2046FBF7C8F980230021AC
:10508000CDE90213844801901A010A912020CDE94C
:105090000720824800904FF440500990CDE9041356
:1050A000069269462046FBF71EFA01212046FBF7CF
:1050B00044FA0CB010BD70B586B001210420FBF796
:1050C000C8FC4FF40070ADF8100018208DF81300E4
:1050D000734C03258DF8125004A92046FBF7D1FA32
:1050E0002115ADF8101004218DF8131004A92046E5
:1050F000FBF7C7FA01218803FBF7ABFC00244FF450
:1051000016500090654EADF808400C20ADF80440F4
:10511000ADF80A00361FADF80640ADF80C40694600
:105120003046FCF78DFA25208DF814008DF81540D7
:105130008DF8165001208DF8170005A8FBF713F91C
:10514000012240F225513046FCF7F7FA01213046A2
:10515000FCF7E9FA06B070BD10B50446FCF739FB60
:1051600080212046FCF796FB0028F9D010BD2DE9E0
:10517000F04115460E460746002405E0315D3846ED
:10518000FFF7EAFF641CE4B2AC42F7D34021384693
:10519000FCF780FB0028F9D0BDE8F08170B50D4622
:1051A000064600243046295DFFF7D6FF641C285DC3
:1051B0000028F7D140213046FCF76CFB0028F9D0DD
:1051C00070BD70B50446080ACDB201462046FCF712
:1051D00000FB80212046FCF75DFB0028F9D0294622
:1051E0002046FCF7F6FA80212046FCF753FB002806
:1051F000F9D070BD70B5294D0446C1B22D1F2846A7
:10520000FCF7E7FA80212846FCF744FB0028F9D098
:10521000204670BD10B5214C241F20212046FCF7EC
:1052200039FB0028F9D02046BDE81040FCF7D5BA7C
:1052300010B586B001211020FBF70BFC4FF4406045
:10524000ADF8100018208DF8130003208DF812001F
:1052500004A91448FBF715FA0121C804FBF702FC66
:105260004FF4165000900020ADF80400ADF8060091
:10527000ADF80800ADF80C000C200B4CADF80A009E
:1052800069462046FCF7DCF901212046FCF74BFA81
:1052900006B010BD5800024080950020043801403F
:1052A0000008014000100140004C004008B53520C6
:1052B0008DF8000003208DF8010001208DF8020018
:1052C0008DF803006846FBF74EF808BD10B586B0B0
:1052D00001211020FBF7BDFB4FF48050ADF810000A
:1052E00018208DF8130003208DF8120004A95048EF
:1052F000FBF7C7F901212020FBF7ABFB0420ADF839
:1053000010008DF8130004A94A48FBF7BAF90121EF
:105310000805FBF7A7FB4FF4E13000900020ADF843
:105320000400ADF80600ADF80800ADF80C000C2044
:10533000414CADF80A0069462046FCF781F901228C
:1053400040F225512046FCF7F8F901212046FCF7F0
:10535000EAF906B010BD10B5FFF7A8FFFFF7B6FFDA
:105360003648202101700021017010BD08B52620AB
:105370008DF8000003208DF8010001208DF8020057
:105380008DF803006846FAF7EEFF08BD70B50121FD
:105390004D0486B02846FBF765FB0424ADF81040A9
:1053A00018208DF813000320254E8DF8120004A953
:1053B0003046FBF766F901210420FBF74AFB082081
:1053C000ADF810008DF8134004A93046FBF759F9E9
:1053D00001212846FBF746FB4FF4E1300090002006
:1053E000ADF80400ADF80600ADF80800ADF80C000B
:1053F0000C20144CADF80A0069462046FCF720F951
:10540000012240F225512046FCF797F90121204660
:10541000FCF789F906B070BD10B5FFF7A7FFFFF7DD
:10542000B5FF06486121801C01700021417010BD4C
:10543000001001400014014000500040A000002076
:10544000000801400044004008B51C208DF8000011
:1054500003208DF8010001208DF802008DF8030073
:105460006846FAF780FF08BD10B588B00121042016
:10547000FBF7EFFA4FF40040ADF80C0004248DF870
:105480000F4003A9BE48FBF7FCF801210820FBF7F9
:10549000E0FA0820ADF80C008DF80F4003A9B948D8
:1054A000FBF7EFF801210846FBF7D3FA0121B648D4
:1054B000FBF772F90121B548FBF76EF901210846A7
:1054C000FBF7D0FA24072046FBF712FB6846FBF7F0
:1054D0002BFE002141F2FF30ADF80400ADF80010C2
:1054E000ADF80610ADF8021069462046FBF798FBB0
:1054F0000A231A4603212046FBF7B7FE04A8FBF750
:1055000026FE0F20ADF8180004A92046FBF740FD49
:1055100001212046FCF752F8FFF796FF01221146C1
:105520002046FBF73AFE00212046FCF71EF8012139
:105530002046FBF71DFE08B010BD08B51D208DF8F4
:10554000000003208DF8010001208DF802008DF885
:1055500003006846FAF707FF08BD10B588B00121BF
:105560000820FBF776FA3020ADF8180004208DF8FB
:105570001B0006A98348FBF784F801210846FBF7C6
:1055800068FA01218248FBF707F901210220FBF7A5
:1055900069FA804C2046FBF7ABFA6846FBF7C4FD7E
:1055A000002141F2FF30ADF80400ADF80010ADF875
:1055B0000610ADF8021069462046FBF731FB0A23BE
:1055C0001A4603212046FBF750FE03A8FBF7BFFD58
:1055D0000F20ADF8140003A92046FBF7D9FC0121E8
:1055E0002046FBF7EBFFFFF7A8FF012211462046FC
:1055F000FBF7D3FD00212046FBF7B7FF0121204632
:10560000FBF7B6FD97E708B51E208DF800000320D4
:105610008DF8010001208DF802008DF80300684626
:10562000FAF7A1FE08BD10B588B001210820FBF7EC
:1056300010FAC020ADF8180004208DF81B0006A950
:105640005048FBF71EF801210420FBF70BFA524CDF
:105650002046FBF74DFA6846FBF766FD002141F254
:10566000FF30ADF80400ADF80010ADF80610ADF84D
:10567000021069462046FBF7D3FA0A231A46032193
:105680002046FBF7F2FD03A8FBF761FD0F20ADF804
:10569000140003A92046FBF77BFC01212046FBF701
:1056A0008DFFFFF7B0FF012211462046FBF775FD85
:1056B00000212046FBF759FF01212046FBF758FD4A
:1056C00039E708B532208DF8000003208DF801007D
:1056D00001208DF802008DF803006846FAF743FEBA
:1056E00008BD10B588B001210420FBF7B2F90320F2
:1056F000ADF8180004208DF81B0006A92048FAF721
:10570000C0FF01210820FBF7ADF9244C2046FBF730
:10571000EFF96846FBF708FD002141F2FF30ADF8D4
:105720000400ADF80010ADF80610ADF8021069469F
:105730002046FBF775FA0A231A4603212046FBF799
:1057400094FD03A8FBF703FD0F20ADF8140003A997
:105750002046FBF71DFC01212046FBF72FFFFFF73A
:10576000B0FF012211462046FBF717FD002120461D
:10577000FBF7FBFE01212046FBF7FAFCDBE600000D
:1057800000080140000C0140000230000001180038
:1057900000081A000004004000080040000C00400F
:1057A00030B589B001214020FBF753F94FF4D440C4
:1057B000ADF81C0018208DF81F0003208DF81E0086
:1057C00007A98848FAF75DFF01210846FBF741F970
:1057D00001218548FAF7E0FF834801218030FAF77C
:1057E000DBFF0121C802FBF734F940F21F30ADF8AE
:1057F00014005920ADF8100000247C4DADF816407F
:10580000ADF8124004A92846FBF70AFA6020ADF86B
:1058100000000120ADF80200ADF806400420ADF80C
:105820000400ADF80840ADF80C40ADF80A40ADF802
:105830000E4069462846FBF72CFA08212846FBF75C
:1058400075FD01212846FBF749FD69462846FBF70F
:1058500020FA08212846FBF769FD69462846FBF730
:105860004DFA08212846FBF771FD69462846FBF7EB
:1058700081FA08212846FBF773FD69462846FBF7A5
:10588000B3FA08212846FBF771FD01212846FBF7F2
:105890006FFC01212846FBF775FC00212846FBF729
:1058A00068FE00212846FBF766FE00212846FBF72C
:1058B00064FE00212846FBF762FE09B030BD30B51A
:1058C00089B001211020FBF7C4F84FF47070ADF8D7
:1058D0001C0018208DF81F0003208DF81E0007A95A
:1058E0004348FAF7CEFE01212020FBF7B2F8102042
:1058F0008DF823007820ADF8200002208DF82200DA
:1059000008A93C48FAF7BDFE01214803FBF7A1F8BE
:1059100040F2E730ADF814005920ADF81000002433
:10592000354DADF81640ADF8124004A92846FBF7F6
:1059300077F96020ADF800000120ADF80200ADF865
:1059400006400420ADF80400ADF80840ADF80C4066
:10595000ADF80A40ADF80E4069462846FBF799F9C4
:1059600008212846FBF7E2FC01212846FBF7B6FC9C
:1059700069462846FBF78DF908212846FBF7D6FC37
:1059800069462846FBF7BAF908212846FBF7DEFCF2
:1059900069462846FBF7EEF908212846FBF7E0FCAC
:1059A00069462846FBF720FA08212846FBF7DEFC6B
:1059B00001212846FBF7DCFB01212846FBF7E2FB2F
:1059C00000212846FBF7D5FD00212846FBF7D3FD33
:1059D00000212846FBF7D1FD00212846FBF7CFFD2B
:1059E0006BE700000018014040001600002C014049
:1059F0000010014000140140003401403EB5362043
:105A00008DF8000001208DF8010003218DF80210AF
:105A10008DF803006846FAF7A6FC01211020FBF779
:105A200021F84720ADF8000042F20F700B4CADF8A2
:105A3000040069462046FBF7F3F801212046FBF7F6
:105A4000BDFD012211462046FBF7A7FB01212046A0
:105A5000FBF78EFB3EBD00F00FBA000000100040C7
:105A600003E011F8013B1844C0B2521ED2B2F8D282
:105A700070472DE9F34F81B0CA4D002000904FF0E0
:105A8000FF0AEB88AA882889802100F07EF984B279
:105A9000092C6ED36889A94690BBB9F804608021AF
:105AA0000020B346DFF800E3E71ED9F800202AE023
:105AB0003318B3FBF1F501FB153512F805C05D1C79
:105AC000B5FBF1F801FB1855555D4CEA052C9D1C02
:105AD000B5FBF1F801FB1855DB1CB3FBF1F801FB3A
:105AE0001833555DD35C2D0445EA03634CEA030C7F
:105AF000F44506D13044B0FBF1F201FB120006E0A0
:105B000017E0401C80B2B842D2DB4FF0FF3000B249
:105B1000002813DB0122A9F80A2082B2A9F8042088
:105B2000B9F80630B9F80800802100F02EF90928EC
:105B30001FDBB9F808004D4660B11DE0E41E0BEB19
:105B40000400C21700EB526222F07F02801AA9F80B
:105B500004000EE028792968421D801D02F07F02B2
:105B600000F07F008A5C085C42EA00202881A042A5
:105B700002D95046BDE8FE8F82B2A8881118491E8E
:105B80008029296801440CDDC0F18000C2B2009870
:105B9000FFF766FF297A2A7911448139CAB2296848
:105BA00002E0521ED2B20098FFF75AFFA9882A8954
:105BB0002E688C18631EDF1703EB576727F07F07EB
:105BC000DB1B9B5D834227D1802C0DD9C1F1800066
:105BD00084B231442246019802F0B2FE2889296835
:105BE000021B0198204401E03144019802F0A8FE14
:105BF0000298298901802879296800F1090202F0B8
:105C00007F0211F802A0297A084400F07F00A880E2
:105C1000002028816881ACE7491C01F07F00F6E78D
:105C20002DE9F041DFF87C81064640460C46B8F885
:105C30000610C38800680A19D8F800701844802A32
:105C40000AD9C1F180018DB22A46314602F078FEB0
:105C5000621B7119384601E02246314602F070FE9F
:105C600098F80610214401F07F01A8F80610BDE85D
:105C7000F0814C4800210C380161416149491830DC
:105C800008600020704770B5A2B00020ADF8800019
:105C9000451E20A96846FFF7ECFE1328F9D006DC64
:105CA0001028F6D0112809D01228F2D003E01428C9
:105CB000EFD0152815D022B0284670BD9DF80A00F7
:105CC0009DF80D109DF80B2040EA01609DF80C1026
:105CD000090441EA0221084303F0C9F83349086086
:105CE000D7E79DF80A009DF80D10314E40EA016497
:105CF0009DF80C009DF80B10000440EA01200443BD
:105D000000213046FBF734FA04EB4400C0EBC4102A
:105D100005EBC00081B23046FBF729FC012130467B
:105D2000FBF726FAB5E7F8B50E46154600218DF8C3
:105D300000101C4A99060C0E0C3A1B49116004F124
:105D40000B01C2F805101671507216490A220C395F
:105D50000020FFF785FE8DF8000022462946FFF758
:105D60007FFE1049134E8DF800000A220C39304690
:105D7000FFF7FDF9224629463046FFF7F8F90122E0
:105D800069463046FFF7F3F9F8BD10B504469A426C
:105D900001D8981A01E0881A184480B2844200D9C8
:105DA000002010BD8C970020535A4859B4000020A1
:105DB00000100040003801407047016070470068E3
:105DC0007047143080E80E0070472DE9F04104461A
:105DD0000D46D4E9000102F0D7FD294602F026FE67
:105DE000E060E16A81F000420146104603F0C6F827
:105DF00006D8E16AE06803F0C1F801D80020E0604D
:105E0000A06AE16880F0004003F0B8F818D2A16AF7
:105E1000E06803F0B3F813D2E168206A02F0B4FD41
:105E20002062616A03F0B4F8606A08D380F0004031
:105E3000216A03F0ADF803D2606A80F0004020626E
:105E4000D4E90351284602F0F1FDE16902F0F4FDC6
:105E50000646216AA06902F0EFFD074629466069FF
:105E600002F0EAFD394602F08FFD314602F08CFD6A
:105E70002561A060BDE8F0812DE9FE4F594DDFF8A6
:105E800068915A4C002600F03BFD5949606802F0C9
:105E90007BFD6060606803F011F807465548D0E963
:105EA0000823384603F036F800D82E70606803F0F7
:105EB00005F807465048D0E90823384603F02AF889
:105EC00001D889F8006028784C4DB0B1606802F0C4
:105ED000F5FF02460B46474801F05FF88046484808
:105EE0000F46006802F0EAFF42463B4602F0C7FE5A
:105EF00003F028F8C5F8600203E0607808B9C5F837
:105F0000606299F80000B0B1606802F0D7FF024605
:105F10000B46394801F041F807463A488846006880
:105F200002F0CCFF3A46434602F0A9FE03F00AF81D
:105F3000C5F8640203E0A07808B9C5F864622F4888
:105F400000F051FD2D489430029000F04CFD2E4899
:105F5000834600F048FD2C489430824600F043FD13
:105F600000F041FA207808B900F06FFCD5F85C0227
:105F700002F0A4FF80468946D5F8600202F09EFF39
:105F800004460F46D5F8640202F098FF22463B46CD
:105F9000CDE9008900F0A3F995F82403A0B1AE6122
:105FA000C5F8AC60C5F84061C5F8D461134800F08D
:105FB0002DFD029800F02AFD584600F027FD5046BE
:105FC000BDE8FE4F00F022BD0C4800F08BFC0298AB
:105FD00000F088FC584600F085FC504600F082FC3A
:105FE000E4E700002800002029000020B80000207D
:105FF0000AD7233CE0000020480100201898002028
:106000002C000020300000204099002010F1FF4FAC
:1060100001D380F00040704770B50E46054681F010
:10602000004402F0B5FF01D2304670BD204629463B
:1060300002F0AEFF01D2204670BD284670BD704709
:1060400030B5FF480021FF4A80F82413C0F89020A3
:10605000C0F82421C0F8B821FB4B0360C0F84C22E3
:10606000082282800122827182724C1E80F8784060
:106070008161C1601025C0F89430A0F898500225C5
:1060800080F89A5080F89E4080F80C21C0F8AC103F
:10609000C0F8A0102025C0F82831A0F82C51032505
:1060A00080F82E5180F8322180F8A041C0F84011CC
:1060B000C0F83411C0F8BC314023A0F8C03104232B
:1060C00080F8C23180F8C64180F83422C0F8D4117B
:1060D000C0F8C811DF4CDE4B4464DC4A4162C0E9C1
:1060E0000723C0F8D840C0F8B810C0E92C23C0F886
:1060F0006C41C0F84C11C0E95123C0F80042C0F80F
:10610000E011C0E97623D44A9307C0E9AB23C0F875
:10611000B422D24AC0F8D022D14AC0F85822C0F8DE
:106120005412C0F85C12C0F86012C0F86412C0F8D3
:1061300050120022C0F89822C0F89C22C0F8A02279
:10614000C0F8A422D0F89812D0F89C22C0F8881287
:10615000C0F88C22D0F8A012D0F8A422C0F8901277
:10616000C0F89422D0F88812D0F88C22C0E99A1294
:10617000D0F89012D0F89422C0E99C1230BD2DE9DD
:10618000F0410B460446DFF8DC8200251146184634
:1061900002F04CFCA0610746E16902F047FCA168EF
:1061A00002F04AFC06463946206802F045FC3146BA
:1061B00002F0EAFB2062D8F80010464681F0004267
:1061C0000146104602F0DAFE05D2206A316802F07C
:1061D000D5FE00D22562A069FFF718FF99498842D1
:1061E00002DA2846E56001E00120E06002F03FFEAF
:1061F0000546A169606802F01FFC294602F01CFCFC
:10620000216902F0C1FB20616169FFF705FF206190
:10621000226A0146104602F0B7FB2062616AFFF76E
:10622000FBFE2062A069E061BDE8F0812DE9F0414C
:106230000B4604461146184602F0F8FBA061E569DA
:106240000746294602F0F2FB216802F0F5FB0646FC
:10625000E0600121284602F05FFC394602F0E9FBCC
:10626000216A02F091FBA16802F0E6FB054660613D
:106270003946606802F0E0FB0746216902F084FBC2
:1062800079492061884202DC7849884200D921613D
:1062900077498F420AD86B498F4207DA75492069DE
:1062A000884202DA7449884200D921613046216966
:1062B00002F06AFB294602F067FB616A02F064FBA8
:1062C0006062A16AFFF7A8FE6062E0692062A069CF
:1062D000E061A9E700218161C161016270472DE998
:1062E000F84F82468B46DDE90A011746994600229F
:1062F000624B02F0C4FC05460E463A464B465046F9
:10630000594602F015FC80462A463346009102F0B9
:10631000B0FC02F017FE4A4CE0603A464B4650464D
:10632000594602F0A6FC894607462A46334602F043
:10633000FFFB02F007FEC4F8A000384649462A4693
:10634000334602F096FC02F0FDFDC4F834012A4603
:1063500033464046009902F0EBFB02F0F3FDC4F82F
:10636000C801BDE8F88F2DE9FC5F15461C46804644
:106370000F460022424B2846214604F009F8DFF878
:1063800004B14FF0C04A52465B4602F078FC00224E
:106390003D4B02F0E6FC04460D4603F0ABFF4246DF
:1063A0003B4602F06CFC064689462046294604F02E
:1063B00039F842463B4602F062FC04460D46DDE9F0
:1063C0000C0152465B4602F05AFC00222E4B02F0B2
:1063D000C8FCCDE9000132464B4620462946FFF76E
:1063E0007EFFBDE8FC9F2DE9FF5F154ED6F88012B9
:1063F000264802F01BFB264902F01EFB254902F04D
:106400004DFBC6F8A802DFF89090DFF8908015E009
:10641000D6F8A802A84206DBD6F8A802494602F040
:1064200005FBC6F8A802D6F8A802404506D3D6F860
:10643000A802294602F0A8FAC6F8A80230E0000037
:1064400018980020CDCCCC3D001401406666A640D3
:106450008FC2F53C00007A440AD7A3BC33333340E3
:106460000000B442C800002000002041000020C10C
:10647000CDCCCCBDCDCC4C3ECDCC4CBE00003A40BA
:1064800000807640FB210940008066400000B44354
:10649000DB0F494000003443DB0FC940000080801F
:1064A000D6F8A8024D46A842B2DAD6F8A80240456E
:1064B000AED2D6F820A1D6F88CB05146D6F8480214
:1064C00002F0B4FA4FF0FF3102F026FBF74902F078
:1064D000B3FA05465146584602F056FA4FF0FF31DE
:1064E00002F01AFBF14902F0A7FA0090D6F8A802D0
:1064F000404557D2D6F8A812DFF8B4A3514551DA77
:10650000D6F8A80202F0DAFC03F08CFF07460C462E
:10651000009802F0D3FC80463A462346039102F0ED
:10652000AEFB0291D6F8A8128346504602F07EFADE
:1065300002F0C4FC03F076FF04468A46284602F0C7
:10654000BDFC074622465346019102F098FB5A468D
:10655000029B02F08EFB02F0F5FC0446D6F8A8027E
:1065600002F0ACFC03F0C6FE02460B46404603991F
:1065700002F085FB8A46D6F8A8128046CC4802F085
:1065800055FA02F09BFC03F0B5FE02460B46384676
:10659000019902F074FB4246534602F0C9FA02F038
:1065A000D1FC0746D6F8A802C14988425CDBD6F880
:1065B000A822C048824257DAD6F8A80202F036FA7A
:1065C00002F07CFC03F096FE04460F46009802F0B1
:1065D00075FC804622463B46039102F050FB044680
:1065E000D6F8A8028A46B24902F020FA02F066FC08
:1065F00003F018FF83462846029102F05FFC07462D
:106600005A460191029B02F03AFB5346224602F0A1
:106610008FFA02F097FC80F00044D6F8A802A44953
:1066200002F004FA02F04AFC03F0FCFE02460B46BC
:106630004046039902F023FB8246D6F8A80288461A
:106640009B4902F0F3F902F039FC03F053FE0246D5
:106650000B463846019902F012FB5246434602F0BF
:1066600008FB02F06FFC0746D6F8A8129148814259
:106670005EDBD6F8A8129048814259DAD6F8A81203
:1066800002F0D4F902F01AFC03F034FE0446884606
:10669000009802F013FC074622464346019102F09F
:1066A000EEFA8246D6F8A8028B46824902F0BEF97D
:1066B00002F004FC03F01EFE0446884685F000400C
:1066C00002F0FCFB2246434602F0D9FA52465B46F2
:1066D00002F02EFA02F036FCD6F8A81204467648EC
:1066E00002F0A4F902F0EAFB03F09CFE02460B461E
:1066F0003846019902F0C3FA8346D6F8A8028A46C2
:106700006C4902F093F902F0D9FB03F08BFE80464E
:106710000F46284602F0D2FB42463B4602F0AFFA53
:106720005A46534602F004FA02F00CFC80F000478F
:10673000D6F8A802604988425DDBD6F8A8224A450F
:1067400059DAD6F8A8028B4602F070F902F0B6FBCF
:1067500003F0D0FD04468846009802F0AFFB0746E0
:1067600022464346009102F08AFA8146D6F8A802F2
:106770008846594602F05AF902F0A0FB03F052FE97
:1067800004468A46284602F099FB5346224602F008
:1067900076FA4A46434602F0CBF902F0D3FB0446B0
:1067A000D6F8A802594602F041F902F087FB03F03F
:1067B00039FE02460B463846009902F060FA8246DE
:1067C000D6F8A8028846594602F030F902F076FB66
:1067D00003F090FD0746894685F0004002F06EFB0D
:1067E0004B463A4602F04BFA5246434602F0A0F9B5
:1067F00002F0A8FB0746314D2046294602F04EF92B
:10680000C6F878022946384606F51E7602F046F9A3
:106810007060204602F052FB326A736A02F088F917
:1068200030627162384602F049FBB26AF36A02F0E4
:106830007FF9B062F162306A716A30617161B06A89
:10684000F16AB061F161BDE8FF9F70B51C48006856
:106850001C4CC4F88002D4F88012D4F8500202F024
:10686000E5F8194D19492860884201DD184903E00F
:10687000184A904204D9184902F086F8286003E0CB
:1068800020F0004002F07AFBD4F8801204F517746F
:10689000286802F079F811490860626A01461048D8
:1068A000FFF76DFC206F206070BD00004CB3BA3C58
:1068B000DB0FC93FDB0F4940E4CB96400AD7A33B2F
:1068C0009C00002018980020C000002000003443E5
:1068D0000000B4C3000034C30000B443C40000206F
:1068E000C49A002010B502690446C1681C30FFF745
:1068F0009DFC206C02F0C9FAA06110BD7047704782
:106900002DE9F0414FF08040FAF74DFE6A490968E1
:106910006A4C01EB810100EB8120C4F880006848DB
:106920007834FAF740FE6749096801EB810100EB12
:106930008120C4F89C006448FAF735FE6349096871
:1069400001EB810100EB8120C4F830016048FAF7C7
:106950002AFE6049096801EB810100EB8120C4F83F
:10696000C401D4E90113591AE160D4E92652571B36
:10697000C4F8A070D4E94B5CACEB0506C4F83461F4
:10698000D4F8C051C4F82CC1451BC4F8C851636089
:10699000C4F89820C4F8C00194F900004143216173
:1069A00094F994004743C4F8A47094F9280146432D
:1069B000C4F8386194F9BC0145430846C4F8CC5189
:1069C00002F055FA6061384602F051FAC4F8A800A6
:1069D000304602F04CFAC4F83C01284602F047FA6F
:1069E000C4F8D00120E410B50446D0F88C003A4930
:1069F00002F054F8394902F01FF8394902F01CF846
:106A0000384902F04BF82061206910BD70B5054689
:106A1000806902F02CFA3449FFF7FEFA02F035FAE9
:106A2000A86195F90A10314E48430400A9882868E6
:106A300012D4F9F790FEA879012807D0022807D0D0
:106A4000032807D004282ED1A1B212E0A1B217E08A
:106A5000A1B21CE0A1B221E0F9F77FFEA8790128DC
:106A60000CD0022811D0032816D004281BD1604274
:106A700081B23046BDE87040FAF781BD604281B214
:106A80003046BDE87040FAF774BD604281B23046CE
:106A9000BDE87040FAF76FBD604281B23046BDE894
:106AA0007040FAF76ABDFFE604480021C0F864129E
:106AB000C0F8601270470000A40000201898002061
:106AC00000040040A800002000080040AC000020A6
:106AD000000C0040B000002000006044DB0F494083
:106AE0000000D0400AD7233C00007A440034014023
:106AF0002DE9FF5F8AB01546DDE91DA7DDE9188B9A
:106B0000209C1E4668212046DDF8709001F031FF80
:106B1000CDE9008B1F9880F0004BC4F864B0C4F836
:106B20005890C4E917A7DDE90A01C4E90001DDE9CD
:106B300000232846314602F0EDF901D2DDE9005686
:106B4000DDE91A01DDE9002302F0E4F903D2DDE911
:106B50000001CDE91A01DDE90A01FB4AFB4B02F015
:106B6000C1F97DD33A465B464846514602F081F86A
:106B7000CDE90601DDE91A231046194602F07FF837
:106B80004A46534602F07BF8CDE908012A463346CF
:106B90001046194602F073F83A465B46CDE9020109
:106BA00002F06DF88046049100224FF040434846C1
:106BB000514602F064F83A465B4602F060F8DDE9BF
:106BC0000A2302F05CF84246049B02F052F8DDE929
:106BD000082301F0ADFFDDE9062302F0C2F803F05F
:106BE00071FC0690DDE90023884602F093F97DD21E
:106BF000C4E91056DDE90001C4E91201DDE91A011A
:106C0000C4E91401DDE900012A46334602F031F8F7
:106C10004A46534602F0A5F8C4E90201CDE9020153
:106C2000DDE91A01DDE9002302F023F83A465B466C
:106C300002F097F8C4E90601884604904FF0FF324D
:106C40004846514602F0FCF8DDE9022302F017F84D
:106C5000DDE9022302F013F881468A46284600E067
:106C60006DE1DDE90223314602F009F84A46534658
:106C700001F05EFFC4E90A0181468A464FF0FF3207
:106C80003846594602F0DCF84346049A01F0F7FF13
:106C90004346049A01F0F3FF05460E46DDE9000184
:106CA0004346049A01F0EBFF2A46334601F040FFC9
:106CB000C4E90E0105460E46DDE90A014A4653467F
:106CC00001F0D7FF2A46334601F0D3FFC4E90C0197
:106CD000DDE9002302F045F8C4E9040102460B4651
:106CE000DDE9020101F024FF434600E001E0049ADF
:106CF00021E1434628463146069A02F0F3F851D284
:106D0000DDE91A234146069802F0ECF84AD2012246
:106D10004846514602F094F8DDE90A2301F0AFFF3E
:106D200002460B46DDE9020101F002FF03F0CAFB57
:106D3000C4E91201C4E91401C4E910562A463346D5
:106D400001F097FF4A46534602F00BF8C4E90201EE
:106D500007460020C4E90400C4E906008846421E34
:106D60004846514602F06CF843463A4601F087FF28
:106D700043463A4601F083FF81468A4643463A46F7
:106D80002846314601F07BFF4A46534601F0D0FECB
:106D9000C4E90A010020C4E90C00C4E90E00C4E9FA
:106DA0000878CCE0DDE91A014346069A02F09AF829
:106DB00053D22A4633464146069802F093F84CD205
:106DC00001223846594602F03BF8DDE90A2301F07A
:106DD00056FF02460B46DDE9020101F0A9FE03F071
:106DE00071FB2564C4E9116500236165C4E90233C0
:106DF000C4E90433C4E91360A846B1462A463346C1
:106E000001F037FF3A465B4601F0ABFFC4E90601EB
:106E100005460020C4E90A00C4E90C000E46421EE3
:106E20003846594602F00CF82A46334601F027FF4F
:106E30002A46334601F023FF07468A462A46334650
:106E40004046494601F01BFF3A46534601F070FEAA
:106E5000C4E90E01C4E9085671E00698CDE90008BE
:106E6000C4E91056DDE90001C4E91201DDE91A01A7
:106E7000C4E91401DDE900012A46334601F0F9FEB8
:106E80004A46534601F06DFFC4E9020180468C4634
:106E9000CDE9028C0020C4E90400DDE900210B46A5
:106EA000DDE91A0101F0E5FE3A465B4601F059FFC3
:106EB000C4E90601884604904FF0FF324846514627
:106EC00001F0BEFFDDE9022301F0D9FEDDE9022376
:106ED00001F0D5FEDDE9022381468A462846314687
:106EE00001F0CDFE4A46534601F022FEC4E90A01F4
:106EF0000020C4E90C00421E3846594601F0A0FFAC
:106F00004346049A01F0BBFE4346049A01F0B7FEE3
:106F100005460E46DDE900014346049A01F0AFFE46
:106F20002A46334601F004FE0DF1080CC4E90E01B7
:106F30009CE80700434601F0FBFDC4E908010EB0E0
:106F40000020BDE8F09F0000F168E388B5F8E43E5A
:106F500070B515461E4604460022134628463146A3
:106F600001F0C0FF13D3D4E902232846314601F0D3
:106F7000B9FF02D2D4E9160170BD04F108000FC8B0
:106F800001F0D6FD2A46334601F0C4FF02D20020AC
:106F9000014670BDD4E9180170BD2DE9F0410446E9
:106FA0001746D4E90001984600252E46574A584B0B
:106FB00001F098FF30D3D4E902233846414601F06E
:106FC00091FF08D2D4E916013A46434601F057FE34
:106FD000D4E910231CE004F108000FC801F0A8FD5B
:106FE0003A46434601F096FF02D2D4E9125613E026
:106FF000D4E902233846414601F03BFED4E904239C
:1070000001F037FED4E9182301F039FED4E9122348
:1070100001F08EFD05460E4628463146BDE8F0815A
:107020002DE9F04704461546D4E900011E46002725
:107030004FF0FF39B846354A354B01F053FF61D365
:10704000D4E902232846314601F04CFF15D2D4E999
:1070500016014A4601F0F4FE2A46334601F00FFEBF
:107060002A46334601F00BFE07468846D4E9100154
:107070002A46334601F003FE3EE004F108000FC843
:1070800001F056FD2A46334601F044FFD4E90223BD
:107090002846314608D201F0ECFDD4E9122301F074
:1070A000EEFDD4E90A2329E001F0E3FDD4E904234D
:1070B00001F0DFFD05460E46D4E918014A4601F00D
:1070C000BFFE2A46334601F0DAFD2A46334601F078
:1070D000D6FD07468846D4E912012A46334601F018
:1070E000CEFD283405460E4694E80F0001F020FD41
:1070F0002A46334601F01CFD43463A4601F018FD8E
:107100000746884638464146BDE8F087F168E3887F
:10711000B5F8E43E3EB501212020F9F7A3FC472055
:10712000ADF800004FF6E750464CADF80400694654
:107130002046F9F775FD01212046FAF719F80121DB
:107140004020F9F786FC4FF42850ADF800004820A5
:107150008DF8030069463C48F9F793FA3EBD70B5D7
:1071600072B6394C4FF4007529462046F9F7DFFA1C
:107170000028F9D129462046F9F7D9FA0028F9D094
:10718000304E00213046FAF7F0F929462046F9F74B
:10719000CEFA0028F9D13046FAF705FA01F070FE70
:1071A0002A4901F07BFC62B670BD70B572B6264C00
:1071B0004FF4006529462046F9F7B9FA0028F9D1BD
:1071C00029462046F9F7B3FA0028F9D01D4E0021D0
:1071D0003046FAF7CAF929462046F9F7A8FA0028F6
:1071E000F9D13046FAF7DFF901F04AFE174901F00C
:1071F00055FC62B670BD70B572B6134C4FF40055B5
:1072000029462046F9F793FA0028F9D12946204665
:10721000F9F78DFA0028F9D00A4E00213046FAF726
:10722000A4F929462046F9F782FA0028F9D1304618
:10723000FAF7B9F901F024FE044901F02FFC62B617
:1072400070BD000000140040001801400000204103
:1072500030B41F2818D8002A16D0604B55245C7013
:107260001C7008249C700324DC7001241C715A716A
:10727000120A9A71D871080A1972587230BC0A221F
:1072800019465748FDF773BF30BC7047F0B4072468
:1072900000234D1E202D2BD2002A29D04F4D5526DC
:1072A0006E702E7001EB4106761DAE700326EE70F7
:1072B00029716A71120AAA7111E010F823202A5567
:1072C000641CE2B200EB8304A678AE54521C6488BE
:1072D000D2B2240AAC54521C5B1CD4B2DBB28B4237
:1072E000EBD3AA78F0BC3D493D48921CFDF73FBF67
:1072F000F0BC70470FB4072370B50022441E06A9E6
:10730000202C28D2354D55246C702C7000EB400495
:10731000641DAC700324EC702871BDF814406C71CE
:10732000240AAC710FE011F8044BEC545B1CDCB286
:1073300031F8043B2B55641CE4B21B0A2B55641C2A
:10734000521CE3B2D2B28242EDD3AA782349244838
:10735000921CFDF70CFF70BC5DF814FB1F4A55230F
:1073600053701370052393700623D37010715171FD
:10737000080A9071072219491948FDF7F8BE174805
:10738000552101704170022181700721C1700146B1
:1073900004221348FDF7EBBE104A552353701370B7
:1073A000052393700B23D37010715171080A9071EB
:1073B00007220A490A48FDF7DABE0146FF20EBE73B
:1073C0000648552101704170022181700F21C17062
:1073D000014604220248FDF7CABE7047409B0020C8
:1073E000004C004008B501214020F9F732FB042091
:1073F0008DF803007C20ADF8000069462748F9F7B6
:1074000040F908BD2DE9F05F254CD4F800B0DFF855
:107410009490012089F80000DFF88C8088F8000043
:10742000224E4FF07C50C6F85C022148C6F860023C
:107430004FF47A70FDF733FD1E4F00253D70DFF8E5
:1074400078A03878622807D13D70C820FDF727FD65
:1074500001214D20FFF782FF5946206801F0E6FA2E
:1074600000F016F850450CDA89F8005088F8005002
:10747000C6F85C52C6F860522068C6F85002BDE8F3
:10748000F09F5946206801F0D1FA00F001F8D8E7E2
:1074900010F1FF4F01D380F0004070470018014009
:1074A0009C000020B8000020B9000020189800209F
:1074B00000009041A00000200000A040016890F86A
:1074C0003820406B097C4A43D10001F052BA2DE9C3
:1074D000F843074690F8389090F839500068002437
:1074E0004FF6FF78467C396838462A460B7C796B24
:1074F00004FB03FC1FFA8CFC08EACC0C61440091ED
:10750000002101F04AF9641C6D1CE4B2EDB24C4557
:1075100001D2B542E7D3BDE8F88310B50446FFF7C2
:10752000D6FF2046BDE8104001F07EB910B50446F4
:1075300080F83910006B016820468847206B41684D
:107540002046BDE81040084710B590F89310044657
:1075500009B1FFF7B3FF2046BDE810400021E5E781
:1075600070B50446FFF7B3FF94F8390094F838106B
:107570000844C5B22068407CA84204D8204601F0E7
:1075800053F9002070BD94F8930010B12046FFF726
:1075900095FF29462046FFF7C9FF012070BD2DE960
:1075A000F84F07468946396890F838000A9D497CAB
:1075B0009A461646884215D1786BB7F83A8000EBA8
:1075C000C90008FB06040BE05346324649463846DC
:1075D000009401F0E2F8761C6D1E4444F6B2EDB260
:1075E000002DF1D1BDE8F88F71E738B50D4604469E
:1075F00090F8381000682A46007C00F0B5FF00952E
:10760000206894F83820214B017C606B00F0C1FFAA
:1076100038BD38B50D46044690F8381000682A4643
:10762000007C00F0DDFF0095206894F83820174BAF
:10763000017C606B00F0EDFF38BD38B50D460446A7
:1076400090F8381000682A46007C00F08DFF009505
:10765000206894F838200E4B017C606B00F099FF95
:1076600038BD38B50D46044690F8381000682A46F3
:10767000007C00F0B5FF0095206894F83820044B9A
:10768000017C606B00F0C5FF38BD00002D8500084F
:107690004985000870B50446087820704878607005
:1076A0008878A070C878E070087920714879607196
:1076B00088790D46A071E879E071287A2072687A9D
:1076C0006072A87AA072E87AE072287B2073687BE7
:1076D0006073A87BA073E87BE073287C2074112181
:1076E000284600F0C4FB60821321284600F0BFFB4F
:1076F000A0821521284600F0BAFBE08270BD70B56B
:1077000004461730417809B10844FBE7851C002185
:10771000284600F0ACFB28444FF6FF73017842780E
:1077200003EA01210A4302D081780844F6E7001BEE
:10773000801C70BD90F87D00704790F87E00704707
:1077400090F97F00704790F98000704790F88100B1
:10775000704730B50568047B2B78E3406218D2B2DD
:10776000082A09D36D1C05602D78C4F10804A540D2
:107770001D43083AEBB2D2B201248C40641E1C4077
:107780000273204630BD10B50C46FFF7E2FF012220
:10779000641EA240801A40B210BD2BB1012B05D04F
:1077A000022B06D0401A02E0104400E0084480B2E8
:1077B0007047801AFBE72BB1012B05D0022B06D0B6
:1077C000104402E0084400E0801A80B27047401A7A
:1077D000FBE72DE9F74F00F1600490F86880677AC5
:1077E00082B00D468146A07AA0EB0800C6B2B4462E
:1077F000B54200D2AC46A088E18800917AB24FFA37
:1078000088F1237C93468A46FFF7D5FF0190237CBD
:107810005A4651460098FFF7C0FF0246049808B147
:10782000A17B02E0607B48B9E17B89F89210207C63
:10783000009063464846019900F04FFBB54206D3DD
:10784000A81B7F1CC5B24FF00008FFB2CBE708EBC6
:1078500005002072677205B0BDE8F08F30B50546AF
:1078600000F1600401660020207315F8781F20469F
:10787000FFF76FFFA07269782046FFF76AFFE0729A
:10788000A87EA07310B10020E07330BD0120FBE79B
:107890002DE9F843054600F16004FFF7DFFF15F915
:1078A0006B6F2046E97BFFF76EFF0746297C204679
:1078B000FFF769FF8446697C20466B3DFFF763FF55
:1078C000804694F90A00002857DD06EB0C00404280
:1078D00042B2237C9446A0883946FFF76CFFA08013
:1078E000237C6246E0883946FFF757FFE080A18895
:1078F000277C02460B4637B1012F0AD0022F3FD01A
:10790000032F0FD145E094F90A7030443B449BB2F9
:1079100007E0891B491C94F90A705B1C89B29BB271
:10792000384480B20090284600F063FB28B3002062
:107930002072607295F876102046FFF70AFF8146A4
:1079400095F877102046FFF704FF074600224946C6
:107950002846FFF73EFF012239462846FFF739FF48
:1079600001212046FFF7F5FE0028EFD194F9090028
:10797000B042DFDBA07B85F892004046BDE8F8838B
:1079800094F90A705B1CC91B491C89B29BB2921BFB
:1079900004E094F90A7033449BB2D21B521C92B299
:1079A000401CBEE770B50D460146806D1730FF2DB7
:1079B00010D8612D02D3B1F8881003E0412D02D315
:1079C000B1F886100844417819B30278AA42F9D177
:1079D000801C70BDB1F88A100C1826460021304674
:1079E00000F045FA04440221304600F040FA361D0A
:1079F000A842F3D34FF6FF72207802EA00216078A4
:107A0000084306D0A84201D1E01C70BDA078044410
:107A1000F2E7002070BD10B5FFF7C4FF002800D0CA
:107A2000012010BD70B50446FFF7BCFF010015D062
:107A30002046FFF713FF04F1600094F87A10054622
:107A4000FFF7A1FE84F8900014F87B1F2846FFF78B
:107A50009AFE61782846BDE8704094E6002070BD2B
:107A600080F86D1070472DE9F041044690F87000E1
:107A70001F4615460E4630B1012809D002280CD009
:107A8000032815D10FE0E16D20468847284408E01F
:107A9000E16D20468847301A09E0E16D20468847AD
:107AA000281A85B204E0E16D20468847304486B24A
:107AB0002846A4F86460A4F86600394600252046EC
:107AC000FFF770FF010003D02046FFF7E1FE85B20B
:107AD0002846BDE8F0812DE9F0471E4614460D46C4
:107AE000804600F0C3FB00274FF6FF79D8F804204A
:107AF000317840469047034648451FD0761CA3F591
:107B00007F40FE38F2D0224629464046FFF7ABFFC1
:107B100098F8701031B1012906D0022906D0032946
:107B200009D106E0291802E0211803E0291A8DB2D4
:107B300001E0211A8CB2384487B2D7E73846BDE855
:107B4000F08730B4CF4C446030BCC4E730B4CE4C86
:107B5000446030BCBFE72DE9FF5F0F460098CA497B
:107B6000DDF83C8041609A464FF6FF7B009800F0BC
:107B70007DFB00203CE0009898F800104268904798
:107B80000646A0F57F40FF3834D0A6F57F4008F1C7
:107B90000108FE38EFD031460098FFF743FF85B269
:107BA000BAF1000F0BD05B4632460E99009800F0F8
:107BB00037FA0446281B85B2781B87B208E03346A3
:107BC0005A460E99009800F02BFA0446281B85B2FD
:107BD000B3465B463946029A0098FFF744FFBAF174
:107BE000000F02D17819001B87B209EB050080B2A3
:107BF0008146C0E7484604B0BDE8F09F2DE9FF5F2D
:107C00000E46A1490F9F994683464FF6FF7A416081
:107C100000F02CFB002038E0DBF8042039785846CF
:107C20009047A0F57F410546FF3930D07F1CA5F570
:107C30007F40FE38F0D029465846FFF7F3FE84B265
:107C4000B9F1000F0AD053462A4658460E9900F063
:107C500011FA201A84B2301B86B207E02B46524636
:107C600058460E9900F006FA201A84B2AA46B9F1D5
:107C7000000F01D1301986B2534631465846029A58
:107C8000FFF7F1FE08EB040080B28046C4E74046EF
:107C9000B1E710B5816D00291AD090F9813080F8D4
:107CA0008E3090F9822080F88F2090F88D10002976
:107CB0000ED001290DD090F97E4090F980100C442F
:107CC0009C4201DD80F88E408A4201DD80F88F10F1
:107CD00010BD90F983108B4201DA80F88E1090F974
:107CE0008410F1E7002180F88D10D2E7012180F89F
:107CF0008D10CEE7022180F88D10CAE70020704772
:107D0000AFF20701C165704790F98F0080B27047EC
:107D1000AFF20B01C165704790F98E00401C80B234
:107D20007047AFF20B01C165704710F88E2F417894
:107D3000501A40B200EBD07001EB600040B280B24C
:107D40007047AFF21901C165704710B50446806DE8
:107D5000884208D004F17400A165FFF79BFC20461F
:107D6000BDE8104095E710BD2DE9F041464A0C46AC
:107D70000546426000F07AFA4FF6FF76771E6A6891
:107D80002178284690470146B04208D0641CB94289
:107D9000F5D02846FFF706FE0028F0D199E601202D
:107DA00097E62DE9F0470646002086F86A008846E7
:107DB0006FF03F05304600F059FA002427464FF691
:107DC000FF794FF6FE7A726898F8001030469047B7
:107DD000014648450FD008F101085145F3D030461F
:107DE000FFF720FE87B215F1400F01D196F99050B0
:107DF000E01984B2E7E796F96A0048B1E11B08444C
:107E000096F99010002D084484B201DD601984B207
:107E1000204694E67CB500228DF8002004460978BF
:107E2000FFF7C0FD010016D02046FFF717FD04F153
:107E3000600094F87A100546FFF7A5FC8DF8000065
:107E400014F87B1F2846FFF79EFC61782846FFF751
:107E50009AFC8DF804009DF900007CBD094A42603F
:107E60009FE7094A42609CE780F870107047084419
:107E70004FF6FF720178407802EA0121084480B28F
:107E800070470000758200088382000830B50488BE
:107E90000D882544ADB2AC4205D99C4202D25D1E8C
:107EA000ADB200E014469C4201D2954201D80020B8
:107EB00030BD944200D214469D4200D91D46048034
:107EC000281B0880012030BD38B5C58F049C009464
:107ED000521BC46A92B2A04738BD3FB581B0044678
:107EE00090F88C000899002839D0BDF810000028BF
:107EF00035D0012811D9022902D0032907D00CE07E
:107F0000BDF80820101A401CADF8080005E0BDF8C7
:107F10000C20101A401CADF80C0011F0010520D007
:107F2000B4F84810BDF80800814218D8B4F84A10D7
:107F3000814214D9B4F84E30B4F84C2004A903A8F7
:107F4000FFF7A4FF00280AD00095206BBDF8103081
:107F5000BDF80C208568BDF808102046A84705B07C
:107F600030BDB4F84C10BDF80C008142F7D8B4F81D
:107F70004E108142F3D9B4F84A30B4F8482004A92D
:107F800002A8DDE738B500240094FFF7A6FF38BD4E
:107F900038B501240094FFF7A0FF38BD08B5B0F84C
:107FA0004C30934210D8B0F84E3093420CD9B0F810
:107FB00048308B4208D8B0F84A308B4204D90023AD
:107FC00000930123FFF789FF08BD80F89210032971
:107FD00002D3012180F8921070478A4205D2834271
:107FE00001D89A4203D9012070478342F9D8002072
:107FF000704770B50D461E460446B0F84E10B0F8F6
:108000004C00049BFFF7E9FF002808D0B4F84A10A1
:10801000B4F8480033462A46BDE87040DDE770BD3D
:1080200030B511B30888401E84B2002006E04D68C8
:1080300035F81050954203D0401C80B2A042F6D3D0
:10804000A04212D28C68022202EB4002A25A34F8FB
:10805000100006E0CC6834F810409C4203D0401C6D
:1080600080B29042F6D3904201D3002030BD09691E
:10807000085C30BD30B5002099B14FF6FF7531F87E
:108080001040AC420DD0944208D101EB400464880A
:108090009C4203D101EB4000007930BDC01C80B28E
:1080A000EDE7002030BD0000C1617047F0B5C46944
:1080B00025786778A678E4787443E4B28D4215D8C1
:1080C000B94213D8491B01FB04314FF6FF7303EA91
:1080D000C101091D8BB20021C469E45C54545B1CCE
:1080E000491CC9B29BB20829F6D306E000210B4611
:1080F0005354491CC9B20829FAD390F82300002828
:1081000007D00020115CC9431154401CC0B208289C
:10811000F8D3F0BD2DE9FF4F8346C0698946154667
:108120008178C07883B049442844CFB200F0FF0A78
:1081300000260DF104084C46334601AA584606991C
:10814000FFF7B4FF01232A4621465846CDF80080A8
:1081500000F023FB761C641CE4B2F6B2BC42EBD305
:108160006D1CEDB25545E6D307B0BDE8F08F40EA8F
:10817000001040F60F71084040EA800043F23331AE
:10818000084040EA400045F25551084040EA4000AE
:1081900070472DE9F84F8246C069164688468278B6
:1081A000C17808EB4200C7B206EB41009B4600F0E5
:1081B000FF09002544465B4632462146504600955D
:1081C00000F05BF96D1CA41CE4B2EDB2BC42F2D32A
:1081D000B61CF6B24E45EDD3BDE8F88F2DE9FF4F42
:1081E0008146C06989B015468178C0780A9A05EB46
:1081F00040001144C0B201F0FF0A00260DF104084E
:1082000004AF0DF1180B03900A9C4846334601AAAF
:108210000C99FFF74BFF00225B4618F80200FFF7AE
:10822000A6FF4FEA102C07F802C09854521CD2B295
:10823000082AF2D3009301232A462146484600F03B
:10824000ACFA681CC2B2012321464846009700F0F0
:10825000A4FA761C641CE4B2F6B25445D5D3AD1C26
:108260000398EDB28542CFD30DB07EE7002180F8B0
:1082700026107047080001D00A2801D14FF6FF7080
:10828000704730B54FF6FF75A9B10A2913D090F8A1
:1082900026206C1E8AB1521E12F0FF0380F8263091
:1082A000028C01F03F0105EA821242EA01020284D7
:1082B0002ED0204630BD284630BDFC2905D30522EE
:1082C00080F8262001F001011EE0F82905D30422E0
:1082D00080F8262001F0030116E0F02905D30322DF
:1082E00080F8262001F007010EE0E02905D30222E4
:1082F00080F8262001F00F0106E0C02906D30122F4
:1083000080F8262001F01F010184D2E7084630BD25
:10831000104630BD2DE9F05F0646C06900251C46B9
:1083200090F8028093460F4686F826504FF6FF7964
:108330004FF6FE7A726821783046904748450ED055
:10834000641C5045F6D0C3B25A4639463046FFF752
:10835000E1FE07EB08006D1CC7B2EDB2EAE7284664
:10836000BDE8F09F30B4AFF2F304446030BCD1E715
:1083700030B4AFF2F104446030BCCBE72DE9F05FDC
:108380000646C06900251C468078934640060F4685
:108390004FEA106886F826504FF6FF794FF6FE7ABE
:1083A000726821783046904748450ED0641C50458D
:1083B000F6D0C3B25A4639463046FFF7EAFE07EB1D
:1083C00008006D1CC7B2EDB2EAE72846C8E730B432
:1083D000AFF25F14446030BCD0E730B4AFF25D144C
:1083E000446030BCCAE72DE9F05F0646C06900254D
:1083F0001C4690F8028093460F4686F826504FF6AA
:10840000FF794FF6FE7A72682178304690474845EA
:108410000ED0641C5045F6D0C3B25A463946304699
:10842000FFF7DCFE07EB08006D1CC7B2EDB2EAE710
:10843000284695E730B4AFF2C314446030BCD2E7AD
:1084400030B4AFF2C114446030BCCCE7F0B50025C5
:108450004FF6FF760C46844680F82650771E21782A
:108460006046FFF70EFFB04205D0641CB842F6D05C
:108470006D1CEDB2F3E72846F0BD2DE9F04387B05F
:108480001C4617468846814601AA21460E9BFFF7E7
:108490000DFE002201AC03AD05AEA05CFFF767FE48
:1084A000010AA954B054521CD2B2082AF5D301A92A
:1084B00005A800F02EF801233A46414648460094AC
:1084C00000F06BF901A9301D00F023F808F1010656
:1084D000F1B201233A464846009400F05EF901A942
:1084E00003A800F016F87F1CFAB201234146484663
:1084F000009400F052F901A9281D00F00AF8FAB220
:10850000F1B201234846009400F047F907B0BDE8F6
:10851000F0830422037801F8013B10F8013B521E5E
:1085200001F8013B12F0FF02F4D1704710B5CC08FE
:108530005C4302EBC40201F00701105C01228A4097
:10854000104000D0012010BD594389B2114401EB05
:10855000D00100F0070209788020D040014201D10B
:10856000002070470120704770B5064614460D463E
:1085700054A0A047F00000F0D2F9A04752A0A047B5
:10858000E80000F0CCF9A047A446BDE870404EA03A
:1085900060472DE9F05F8A464FF6FF7199468346A2
:1085A00001EACA0701EAC20800260A9D14E0002475
:1085B0000CE053465A4631462046CC46E04708B1C7
:1085C00042A000E042A0A847641CA4B2BC42F0D381
:1085D0003DA0A847761CB6B24645E8D3BDE8F09F5B
:1085E00070B5064614460D463AA0A047F00000F0CC
:1085F00096F9A04734A0A0473BA0A047E80000F0B0
:108600008EF9A04730A0A047A446BDE870403BA02B
:1086100060472DE9FF4F81B000208DF801004FF633
:10862000FF7102980E9E994601EAC00A01EAC20B48
:108630004FF000080027002425466006040E781B32
:10864000DDE90123C01D80B24146CC46E04708B1B8
:1086500044F001046D1CEDB2082DEED331A0B047FB
:108660002009C1B28DF80000092901D8303000E09E
:1086700057308DF800006846B04704F00F008DF8C1
:108680000000092801D8303000E057308DF8000094
:108690006846B0470837BFB2574502D222A0B0475C
:1086A000C9E708F101001FFA80F8D84504D21EA0DE
:1086B000B04705A0B047BDE71CA0B04705B0BDE876
:1086C000F08F000050310A000A0000003100000065
:1086D0003000000023646566696E652078626D5F16
:1086E000776964746820000023646566696E65209C
:1086F00078626D5F6865696768742000737461747F
:10870000696320756E7369676E6564206368617262
:108710002078626D5F626974735B5D203D207B0A27
:1087200000000000307800002C0000007D3B0A00B3
:108730000160897C80F82210704770B5002345697C
:1087400004461A462821A8470023E5681A46142142
:108750002046A84701224B21204600F0B9F82068A6
:1087600029210279204600F0B3F800224B2120464F
:1087700000F0AEF8206829210279204600F0A8F820
:1087800001224B21204600F0A3F8206829214279DC
:108790002046BDE8704000F09BB81CB58DF8051070
:1087A0008DF80620049C8DF8043000940122846822
:1087B0006B460F21A0471CBD30B484680023A4463B
:1087C00030BC1A460921604770B50023456904464C
:1087D0001A462821A847E5682046AC46BDE8704007
:1087E00000231A461421604730B484680023A4464D
:1087F00030BC1A460A21604730B484680023A4467E
:108800000A4630BC0B21604730B484680023A4467C
:108810000A4630BC0D21604730B484680023A4466A
:108820000A4630BC0E21604730B484680023A44659
:1088300030BC1A46102160477CB5044600208DF8F4
:10884000050001228DF80420009121684E7C8DF8EE
:1088500006002068A5686B46027C0F212046A847C9
:108860009DF80600401CC1B28DF80610B142F0D34D
:108870007CBD1CB50021009101916946FFF7DCFF2A
:108880001CBD1CB510A1D1E90021CDE9002169462C
:10889000FFF7D2FF1CBD1FB50022029203920368AE
:1088A0005B7C8B420ED98DF805208DF806100121D6
:1088B0008DF8041002A90091016884686B460A7C57
:1088C0000F21A0471FBD0000FFFFFFFFFFFFFFFFBD
:1088D00030B444690023A44630BC604730B500245E
:1088E00042F210720A25302303E0891A5B1C89B218
:1088F000DBB29142F9D2B2FBF5F20355641CE4B24B
:10890000052CF0D30021417130BD10B5C1F1050136
:10891000CCB201460948FFF7E1FF204410BD00B585
:108920000521FFF7F2FF00E0401C01783029FBD061
:1089300011F0FF0F00D1401E00BD0000CC00002050
:1089400040EA01039B0703D009E008C9121F08C0D1
:10895000042AFAD203E011F8013B00F8013B521E51
:10896000F9D27047D2B201E000F8012B491EFBD2C8
:1089700070470022F6E710B513460A46044619462A
:10898000FFF7F0FF204610BDF0B480EA0102D40FDB
:108990004200B2EB410F02D20246084611464A009D
:1089A00042D0C30DDDB2C1F3C752AD1A202D35DA66
:1089B000C1F3160141F4000204B15242C5F1200690
:1089C00002FA06F12A411044B3EBD05F23D0C4B1C0
:1089D000012DA0EBC35009DCF0BC4FF0004202EACD
:1089E000C352DBB200F5000000F04DBB400000F1C7
:1089F000807000EBC350A0F1807040EAD170490054
:108A000009E0490841EAC071A0EBC35000F500003D
:108A1000400800EBC350F0BC00F02CBB61420122C7
:108A200002EB4101001BF6E7F0BC704781F000410A
:108A3000AAE780F00040A7E780EA010210B502F043
:108A40000043400022D04A001FD0010E01EB12610A
:108A5000C0F35600C2F3560240F4000042F4000294
:108A6000A0FB022000047F39140400D0401C50EA0F
:108A7000124001D44000491EC2B20C0604EBD010D3
:108A8000401C4008802A02D003E0002010BD20F0E6
:108A90000100002900DA0020184310BD30B480EA3C
:108AA000010202F0004530F0004221F0004013D0F6
:108AB00090B1C30DD40DC2F31601C0F31600E41A31
:108AC00041F4000140F400027D34914201D3641C62
:108AD00000E04900002C02DA30BC002070474FF45F
:108AE00000000023914201D3891A034340084FEA52
:108AF0004101F7D151B1914202D14FF0004105E05F
:108B000002D24FF0010101E06FF0010103EBC4500C
:108B1000284430BC00F0AEBA420005D0C0F3C752C2
:108B20005242914201DC0020704700EBC150704777
:108B30002DE9FE4F804681EA0300C00F0C460090ED
:108B400021F0004123F00045B8EB0200A94105D215
:108B50004046214690461C460B46024623F0004004
:108B6000104347D0270DC7F30A00C3F30A51029000
:108B7000401A019040286BDAC3F3130040F4801BC5
:108B80000098924620B10023D2EB030A63EB0B0B53
:108B900001985946C0F14002504600F04AFA064694
:108BA0000D4650465946019A00F052FA10EB080063
:108BB0006141002487EA115284EAE7731A4340D0E6
:108BC000009A62B3019A012A4FEA075215DC001B92
:108BD00061EB02014FF0004202EA0752CDE9004288
:108BE000001C41F5801132462B4600F089FA03B093
:108BF000BDE8F08F40462146F9E7001B61EB02011A
:108C0000001C41F5801300185B412018A2F50017E5
:108C100047EB030140EAD570B6196D4111E06D08CC
:108C20004FEA360645EAC0754FEA0752001B61EB72
:108C30000201001C41F5801149084FEA300000197B
:108C4000514132462B4603B0BDE8F04F00F049BA1F
:108C50000098012240000023D0EB020263EBE07396
:108C6000009821464FEAE074B8EB000061EB040184
:108C7000E9E783F000435BE781F0004158E72DE925
:108C8000FE4F81EA030404F0004421F00041009407
:108C90004FF0000B23F0004350EA01045ED052EA8B
:108CA00003045BD0C3F30A54C1F30A552C44A4F265
:108CB000F3340194A0FB0254C1F3130141F4801179
:108CC000C3F3130343F4801301FB024400FB034E80
:108CD000840A970A44EA815447EA8357A4FB076849
:108CE00002958D0A05FB07854FEA932C04FB0C5473
:108CF0002705029D4FEA065847EA1637B5EB0805E7
:108D00006EEB070C870E920E47EA811742EA831238
:108D1000A7FB0201B6EB0B0164EB00042B0D43EA49
:108D20000C335E1844EB1C50DA465146E7FB020157
:108D3000C5F313044FEA0B3343EA14534FEA0432EA
:108D4000019C43EA0603A4F10C040294009CCDE9C3
:108D500000B400F0D5F903B0BDE8F08F0020014663
:108D6000F9E72DE9F04D81EA030404F0004B21F00E
:108D7000004514464FF0000A23F0004150EA050276
:108D800020D054EA01021DD0C5F30A570246C5F3AC
:108D90001303C1F31300C1F30A5640F4801543F4E2
:108DA0008013A7EB0608101BD64608F2FD3873EBBC
:108DB000050002D308F1010801E092185B41B8F107
:108DC000000F03DA00200146BDE8F08D00204FF4CB
:108DD0008011064684460EE0171B73EB050705D38A
:108DE000121B63EB050306434CEA010C49084FEAEA
:108DF000300092185B4150EA0107EDD152EA0300BE
:108E000012D082EA040083EA0501084305D0101B52
:108E1000AB4106D20122002306E000224FF00043BE
:108E200002E06FF0010253101AEB06004CEB085100
:108E300010EB0A0041EB0B01BDE8F04D00F051B919
:108E400070B521F0004303430CD0C1F30A55002450
:108E5000D5EB040564EB0403D617AD1AB34102DB6E
:108E60000020014670BD201841EB025170BDC10FBA
:108E700080EAE0700844CA079623002100F003B995
:108E800096230022114600F0FEB800F0004220F0C8
:108E90000040C10DC0F3160040F400007F2901DA44
:108EA00000207047962903DCC1F19601C84001E01B
:108EB00096398840002AF4D04042704700F00042C2
:108EC00030F000400AD0C10D01F56071C0F316000A
:108ED00042EA0151C2084007114370470020014691
:108EE0007047000030B5041E71F1000404DB4FF040
:108EF0000044404264EB0101141E73F1000405DBE1
:108F00001C464FF00043524263EB04038B4208BF00
:108F1000824230BD30B5041E71F1000404DB4FF015
:108F20000044404264EB0101141E73F1000405DBB0
:108F30001C464FF00043524263EB0403994208BFC2
:108F4000904230BD01F0004330B421F0004150EABE
:108F5000010206D00A0DA2F56072C1F31301002AC6
:108F600002DC30BC00207047440F44EAC104C10059
:108F7000E01830BC00EBC25000F07CB8002801DBE8
:108F8000C0F10040002901DBC1F10041814270477E
:108F9000002801DBC0F10040002901DBC1F10041E4
:108FA0008842704730B50B4601460020202201243C
:108FB00009E021FA02F59D4205D303FA02F5491BA7
:108FC00004FA02F52844151EA2F10102F1DC30BDBD
:108FD0002DE9F05F0546002092469B4688460646EE
:108FE000814640241BE0284641464746224600F081
:108FF00093F953465A46C01A914110D31146184668
:10900000224600F016F82D1A67EB01084F4622465B
:109010000120002100F00DF817EB00094E41201E41
:10902000A4F10104DFDC484631462A464346BDE848
:10903000F09F202A04DB203A00FA02F1002070475A
:109040009140C2F1200320FA03F319439040704786
:10905000202A06DBCB17203A41FA02F043EAE073FC
:1090600006E041FA02F3D040C2F1200291400843E9
:10907000194670470029A8BF7047401C490008BF27
:1090800020F00100704710B4B0FA80FC00FA0CF038
:1090900050EA010404BF10BC704749B1CCF1200470
:1090A00021FA04F411FA0CF118BF012121430843FD
:1090B000A3EB0C01CB1D4FEA00614FEA102042BF29
:1090C000002010BC704700EBC35010440029A4BF1F
:1090D00010BC7047401C490008BF20F0010010BCC4
:1090E000704710B5141E73F1000408DA401C41F1FA
:1090F000000192185B411A4301D120F0010010BD1C
:109100002DE9F04D92469B4611B1B1FA81F202E091
:10911000B0FA80F220329046FFF78BFF04460F46EC
:1091200040EA0A0041EA0B0153465A46084313D06D
:10913000114653EA010019D0C8F14002504600F030
:10914000EBF805460E46504659464246FFF771FF7A
:10915000084305D0012004E020463946BDE8F08DE3
:109160000020054346EAE0762C4337430A9863051E
:10917000E40AA0EB08000022FD0A44EA47540A3042
:1091800002D500200146E9E7010510196941DDE932
:10919000084500196941BDE8F04DA2E72DE9F04D01
:1091A00000231A461B1A8A4103DB00200146BDE852
:1091B000F08DC1F30A52C1F3130141F480154FF051
:1091C000000BD10702D100186D41521E0027044642
:1091D00040F2FF11384601EB620A3E4680460246E5
:1091E00000204FF4801100F097F8C2197141BB18AC
:1091F00046EB0100B4EB030C75EB000C04D3E41A4E
:1092000065EB000517460E46241908F101006D4173
:1092100080463428E3DDF91946EB0600091BA84116
:1092200003D24FF0FF32134601E0002213461BEB3E
:10923000070046EB0A51BDE8F04DFFF752BF2DE99C
:10924000FE4FC3F30A5701F000450024C1F30A564C
:10925000C3F31303C1F3130143F4801312EB020AA7
:10926000A64641F48011009543EB030CA7F1010BD6
:1092700016E0B0EB0A0061EB0C01071E71F100076C
:1092800007DA4FF00008D0EB080085F0004568EBE6
:109290000101171A73EB0107EBD3761E0018494141
:1092A0005E45F6DA50EA010209D0CDE900E5002278
:1092B00013460296FFF724FF03B0BDE8F08F204667
:1092C0000099F9E7C1F30A52C1F3130140F2FF33E9
:1092D00041F480119A4202DA00200146704740F2C0
:1092E00033439A42A2F2334202DC524200F014B8F5
:1092F000FFF79FBE064C074D06E0E06840F0010313
:1093000094E8070098471034AC42F6D3F6F714FF00
:1093100098D20008B8D20008202A04DB203A21FAAB
:1093200002F00021704721FA02F3D040C2F120027E
:1093300091400843194670470EB5C10F80EAE070AE
:109340000844CA07002140F233438DE80E000A4664
:109350000B46FFF7D5FE03B000BD0EB540F233411A
:1093600002910021CDE900110A460B46FFF7C8FE25
:1093700003B000BD70B5C1F30A5201F000450024EE
:10938000C1F3130140F2FF3341F480119A4201DA34
:10939000002070BD40F233439A42A2F2334203DC14
:1093A0005242FFF7B9FF00E090402C43F1D0404219
:1093B00070BD00000FB4054B10B503A9044A029814
:1093C00000F014FC10BC5DF814FB0000F55100081F
:1093D000D4000020490050EAC12018BF04204A0DE3
:1093E00018BF40F0010040F2FF72B2EB515F08BFBE
:1093F00040F00200012808BF052070472DE9F74F13
:10940000144694B00021C4E902111599079121F086
:109410000045C9498D4206DC1599C4E9000117B021
:109420000020BDE8F08FC549DFF814A3A9423CDD58
:109430000799C44E0029C44FC44A1599534619DDF3
:10944000FFF717FC554506D0C14AC24BFFF711FC88
:10945000C4E900010AE04FF0D352BE4BFFF709FC0C
:1094600032463B46FFF705FCC4E9000117B0012076
:10947000BDE8F08FFFF75CFB554506D0B44AB54B0D
:10948000FFF756FBC4E900010AE04FF0D352B14B9D
:10949000FFF74EFB32463B46FFF74AFBC4E90001AB
:1094A00017B04FF0FF30BDE8F08FAB49A9421599D6
:1094B00078DB21F0004183468846A84AA84BFFF795
:1094C000DEFB0022A74BFFF733FBFFF753FF0990AA
:1094D000FFF732FF06460F469C4A5346FFF7CFFB85
:1094E00043465A46FFF7C8FB80468A46984A994B3E
:1094F00030463946FFF7C3FB2A0D01250B92424641
:109500005346FFF7B9FB032DC4E9000139D00B988E
:10951000C1F30A51401A05EB45111139814230DA85
:109520009148C346784400EB0510CDF80CA00C9090
:10953000D0E9002330463946FFF7A1FB02460B462F
:109540000491069058460399FFF793FB80468A469C
:1095500002460B4658460399FFF78BFB049B069A7D
:10956000FFF787FB83460C9803913946D0E9022325
:109570003046FFF784FB5A46039BFFF77AFB6D1CCE
:10958000BDE707980028A2BF099817B0BDE8F08F83
:10959000616881F000416160099817B04042BDE800
:1095A000F08FFFE784461598C1F31301C0F30A500A
:1095B000A0F2F5304FEA601800F01F06C6F1200057
:1095C000139000200690079041F4801E05206D4600
:1095D00076B1664A08EB00017A4452F8213002EB7A
:1095E0008101B3404A68139922FA01F1194305E059
:1095F0005F4908EB0002794451F82210A1FB0E27C5
:10960000A1FB0C131A449A4234BF0123002303EB3D
:10961000070A05EB8003D3E901B70F448F4234BF3B
:109620000121002193448B4411B1934502D903E0F9
:10963000934501D2012100E00021C3E901B7514463
:1096400045F82010011EA0F10100C1DC0298059F21
:1096500000F10050800F12900298DDE9035680005F
:10966000FFF76AFE834628460D91FFF776FE6FF0FE
:109670001D02FFF7E5FBCDE90E013046FFF76DFE59
:109680006FF03D02FFF7DCFB80468A463846FFF765
:1096900064FE6FF05D02FFF7D3FB07464246534678
:1096A0001191FFF745FADDE90E23FFF741FA5A461B
:1096B0000D9BFFF73DFA00250E465A4628460D9BA6
:1096C000FFF7D7FADDE90E23FFF7D3FA42465346F8
:1096D000FFF7CFFA3A46119BFFF7CEFADFF898A0D2
:1096E000244A5346FFF7CBFA07468846234A244BC1
:1096F00031462846FFF7C3FA3A464346FFF718FAC1
:10970000074688464FF0A842534631462846FFF7A1
:10971000B6FA3A464346FFF70BFA159A12F0004F95
:1097200004D0129A81F0004152421292C4E9000121
:10973000129817B0BDE8F08FFB21E93F7CD90240B9
:10974000FB21F93F7370032E8A19A33B000040549C
:109750003163621A61B4D03DFB21394183C8C96DC0
:10976000305FE43F0000E03F803C0000FC3B000035
:10977000DE3B0000182D4454FB21F93D3326A61191
:10978000460B113C2DE9FF4D21F0004807460C46E1
:10979000B8F1795F08DAFFF7EDFD002801BF00207E
:1097A000324904B0BDE8F08D3A46234610461946CA
:1097B000FFF765FA054602462D480E460B46062180
:1097C000784400F05DF82A463346FFF758FADDE9A1
:1097D000022382468B4638462146FFF750FA04465C
:1097E0000F4652465B4628463146FFF748FA224666
:1097F0003B46FFF73EFA07468A464FF0FF322846BF
:109800003146FFF71DFB1B4A90450ADA3A4653469C
:10981000FFF72FFA04B00022BDE8F04D134BFFF71D
:109820002BBA154A4245A8BFA8F500154FF0000411
:10983000B8BF124D22462B46FFF71BFA0646884654
:1098400022462B4600200949FFF713FA04460D462D
:109850003A46534630464146FFF70BFA04B02246DB
:109860002B46BDE8F04DFFF707BA00000000F03FBF
:10987000B43900003333D33F0000E93F0000D23F4A
:109880002DE9F0414F1E00EBC7010446D1E900016C
:1098900015461E4637F006020DD02A463346FFF71E
:1098A000EEF97F1E04EBC703D3E90023FFF740F96D
:1098B00037F00602F1D1022F25D0042F13D0062F46
:1098C00018BFBDE8F0812A463346FFF7D8F9D4E93E
:1098D0000A23FFF72DF92A463346FFF7D0F9D4E9DA
:1098E0000823FFF725F92A463346FFF7C8F9D4E9DC
:1098F0000623FFF71DF92A463346FFF7C0F9D4E9DE
:109900000423FFF715F92A463346FFF7B8F9D4E9DF
:109910000223FFF70DF92A463346FFF7B0F9D4E9E1
:109920000023BDE8F041FFF703B900002DE9FF4D2A
:10993000054621F0004084B00C46B0F1795F0BDAA7
:109940002846FFF747FD042808BF00F06FF82846B7
:1099500008B02146BDE8F08D2A460B461046FFF7B9
:109960008EF906460F462A462346FFF788F98046B9
:1099700026488A4632463B4605217844FFF780FF59
:1099800083461098029160B3214A224B40465146CB
:10999000FFF775F9CDE900015A4640465146029B52
:1099A000FFF76DF982468846DDE906014FF0FF3288
:1099B000FFF746FA52464346FFF75BF932463B460D
:1099C000FFF75DF9DDE90623FFF753F9DDE9002331
:1099D000FFF74FF908B02A462346BDE8F04DFFF7E0
:1099E0004BB90B465A4630463946FFF748F9084A04
:1099F000084BFFF79DF842465346FFF740F908B081
:109A00002A462346BDE8F04DFFF792B8F238000031
:109A1000495555555555C5BF0122FFF711BA0022CA
:109A2000134610461146FFF79CB90000024A002079
:109A30001107FFF705BA000001FDFFFF02E008C8AB
:109A4000121F08C1002AFAD170477047002001E0B8
:109A500001C1121F002AFBD17047000001490860B4
:109A600070470000D80000202DE9FF5F82B0002180
:109A7000DDE90430020DDDF840B0034318D044F6B0
:109A80001050A2F2FF3242431514119801281FD042
:109A9000A5EB0B00401C5FEA000A4FF000064E4F9A
:109AA000DFF83891B046504615D5CAF1000413E0EE
:109AB000119801244AA3012801D16FEA0B010298F1
:109AC000119AC0E90031C0E9024206B0BDE8F09F3A
:109AD000CBF10000DFE704460021404A491842EB81
:109AE0000450CDE9001012E0E00707D032463B46B3
:109AF00040464946FFF7C3F88046894632463B4612
:109B000010461946FFF7BBF806460F466410002CB6
:109B1000EAD1DDE90401DDE90023BAF1000F06DA3C
:109B2000FFF7ADF842464B46FFF7A9F805E0FFF70F
:109B300018F942464B46FFF714F904460E46002238
:109B4000284BFFF7E7F903D84FF0FF30014607E055
:109B50000022254B20463146FEF7EAFFFFF7B2FB15
:109B6000102409E0002C0ADB0A220023FFF730FA58
:109B7000039B30321A55641E50EA0102F2D1641C74
:109B8000039AC4F111031444119A012A03D001224B
:109B900008430DD10AE0084304D000204FF0110B18
:109BA000119072E7A3EB0B056D1E0DE05B4504DD24
:109BB0004FF0000205F1010504E003DA4FF0000266
:109BC000A5F10105002AECD002981199C0E90231F3
:109BD000C0E9004579E70000000014400000F03FB4
:109BE000300000000000F0430000E03F2DE9FF4F8F
:109BF00095B09A46884606460025EEE1252877D19D
:109C000000242746F94A0121039400E0044316F892
:109C1000013F203B01FA03F01042F7D130782A28A7
:109C200011D06FF02F033078A0F13002092A16D836
:109C3000039A44F0020402EB820203EB4202104456
:109C4000761C0390EFE758F8042B0392002A03DAFE
:109C5000504244F40054039044F00204761C3078DF
:109C60002E2816D116F8010F44F004042A280DD02E
:109C70006FF02F023078A0F13003092B09D807EBE1
:109C8000870302EB4303C718761CF3E758F8047BFD
:109C9000761C30786C280FD006DC4C2817D068284A
:109CA0000DD06A2814D104E0742810D07A280FD17E
:109CB0000DE044F400140AE044F4801401E044F49C
:109CC00040147278824202D104F58014761C761C0E
:109CD000307866280BD013DC582877D009DC0028B0
:109CE00075D04528F6D04628F4D047281AD193E1FC
:109CF00018E0632835D0642879D0652812D18BE12B
:109D0000702873D008DC6728F1D069286FD06E28DE
:109D10000DD06F2806D1ACE073282CD0752874D0F4
:109D2000782853D05246179990476D1C54E1C4F3DC
:109D30000250022809D003280DD0D8F800100428BA
:109D40000DD00D6008F1040846E1D8F80010EA17BC
:109D5000C1E90052F6E7D8F800100D80F2E70D7067
:109D6000F0E718F8041B8DF8001000208DF80100B2
:109D7000EB46012003E058F804BB4FF0FF306107C9
:109D80004FF0000102D40DE009F101018946B9420A
:109D90000FDA8145F8DB1BF809100029F4D108E03F
:109DA00009F1010189468142FADB1BF809100029FB
:109DB000F6D103985346A0EB090721463846179A77
:109DC00000F080FA284400EB090507E044E008E1D0
:109DD0000DE01BF8010B524617999047B9F10109A4
:109DE000F7D2534621463846179AF2E039E00A2165
:109DF000C4F302524FF0000B0091022A06D058F82B
:109E0000040BC117032A09D00AE023E008F1070078
:109E100020F00702F2E80201904605E000B2C11707
:109E2000042A01D140B2C117002906DA0A460021EE
:109E3000404261EB02012D2202E0220504D52B22D3
:109E40008DF80420012203E0E20701D02022F7E789
:109E5000914657E00A2100E010214FF0000B0091DD
:109E60000BE010214FF0000B44F004040827009190
:109E700003E008204FF0000B0090C4F30252022AC6
:109E800005D058F8040B0021032A08D008E008F197
:109E9000070020F00702F2E80201904603E080B2DA
:109EA000042A00D1C0B24FF0000922072AD5327827
:109EB000702A07D0DDF800C08CF0100C5CEA0B0CA7
:109EC00005D00EE040228DF80420012208E050EA7F
:109ED000010306D030238DF804308DF805200222CE
:109EE0009146009B83F0080353EA0B030AD150EA22
:109EF000010201D1620705D530228DF804204FF010
:109F000001097F1E3278582A04D039A20C920CAA7B
:109F100002920BE03BA2F9E75B46009AFFF758F884
:109F20000C9B9B5C029A521E0292137050EA010233
:109F3000F2D1029804A9081A00F1200B600702D59B
:109F400024F4803400E001275F4502DDA7EB0B001D
:109F500000E0002000EB0B01009003984944401AF8
:109F60000390E00306D453462146179A039800F065
:109F7000A9F90544002706E001A85246C05D1799DB
:109F800090476D1C7F1C4F45F6DBE0030CD5534614
:109F90002146179A039800F095F9054404E0302013
:109FA0005246179990476D1C0099481E0090002951
:109FB000F5DC08E00298029952460078491C0291AB
:109FC000179990476D1CBBF10001ABF1010BF1DC5F
:109FD0005BE100F065F90544761C307800287FF4D9
:109FE0000DAE19B02846BDE8F08F00000928010029
:109FF00030313233343536373839616263646566FF
:10A0000000000000303132333435363738394142C0
:10A010004344454600000000600700D4062708F1CD
:10A02000070020F00700F0E80223804603F0004C10
:10A030005FEA0C0001D097A009E0200501D596A0A9
:10A0400005E0E00701D095A001E0AFF24C001390CD
:10A05000307823F0004365280CD006DC452809D071
:10A0600046281DD047287FD13BE0662818D06728B6
:10A070007AD136E00021112F01DB112000E0781C9D
:10A08000CDE9000104A90CA8FFF7EEFCDDE90D0104
:10A090000C9A4FF0000B07F10109109200914EE06D
:10A0A0004FF000400097CDE9011004A90CA8FFF77C
:10A0B000DBFCDDE90D020C9B0F994FF0000B914684
:10A0C0001093009211B9791C00EB0109B7EB09005C
:10A0D00003D4C0F1FF3B07F10109A9EB0700019090
:10A0E00042E0012F00DA01270021112F01DD1120AC
:10A0F00000E03846CDE9000104A90CA8FFF7B4FC44
:10A10000DDE90D010C9A00914FF0000BB946109259
:10A1100021070FD4009A4A4503DA914601E0A9F1DC
:10A120000109B9F1010F05DD109AA9F10101515C96
:10A130003029F4D0B84202DA10F1040F03DA012119
:10A14000CDE9011010E0002803DC8344A9EB0001F5
:10A1500002E0411C494500DD8946A0EB0B00401C94
:10A1600001904FF000400290200705D40198484527
:10A1700002DB4FF0FF30019000208DF84B00029879
:10A180000DF14B07B0F1004F25D002200C902B2091
:10A190000D90029800280CDA404202902D200D907C
:10A1A00007E00A210298FEF7FDFE3031029007F821
:10A1B000011D0C99481E0C900029F2DC0298002821
:10A1C000EFD1791E0D980870307800F0200040F033
:10A1D000450007F8020D11A8C01BC01D029013987E
:10A1E000007800B1012000EB0901019801EBE0715A
:10A1F000029801440398401A401E0390E00306D4DD
:10A2000053462146179A039800F05CF805441398CA
:10A21000007818B15246179990476D1CE00323D57A
:10A2200053462146179A039800F04CF805441BE06A
:10A23000BBF1000F07DB0098584504DD1098179913
:10A2400010F80B0001E01799302052469047019812
:10A250000BF1010B401E05F10105019004D12E20E8
:10A260005246179990476D1CB9F10001A9F10109F7
:10A27000DEDC05E017F8010B5246179990476D1C7C
:10A280000299481E02900029F4DC53462146179A91
:10A2900003989EE62D0000002B0000002000000027
:10A2A0002DE9F041044600251E461746880404D4D3
:10A2B00005E039462020B0476D1C641EF9D52846BC
:10A2C000BDE8F0812DE9F041044600251E46904688
:10A2D000C80301D5302700E02027880404D505E015
:10A2E00041463846B0476D1C641EF9D52846BDE886
:10A2F000F081000000B5244B21F0004287B09A4263
:10A30000DCBF0022134629DD204B9A4208D140B918
:10A310004FF00100FFF7A2FBFFF781FB07B000BD84
:10A3200003DBFFF779FB07B000BD02AAFFF766F871
:10A3300010F0030104BF0DF1080C9CE80F000DD0D4
:10A34000012001290ED0022914D00DF1080C009033
:10A350009CE80F00FFF7EAFA07B000BDFFF712FA1A
:10A3600007B000BD0DF1080C00909CE80F00FFF74E
:10A37000DDFA05E00DF1080C9CE80F00FFF702FA8A
:10A3800007B081F0004100BDFB21E93F0000F07FF4
:10A3900070B514461D460E46002814BF0121002149
:10A3A000314321F00041C1F17F6101F1E041C90F6A
:10A3B00016D1002C14BF01210021294321F00041B6
:10A3C000C1F17F6101F1E041C90F09D11449B1EB3D
:10A3D000460F08BF00281CD0690008BF002C18D009
:10A3E0003146FEF72CFF024640F2FF7030EA115072
:10A3F0000DD0F017B0EBE17F09D0084665F31E00E1
:10A4000084460B4620466146FEF736FC024610465F
:10A4100070BD0120FFF722FBBDE87040FFF7FFBAD7
:10A420000000E0FF00B5254B21F0004287B09A42C2
:10A4300003DC0022134600922BE0214B9A4208D104
:10A4400040B94FF00100FFF709FBFFF7E8FA07B04A
:10A4500000BD03DBFFF7E0FA07B000BD02AAFEF77C
:10A46000CDFF10F003014FF001000DD0012914D0F1
:10A4700002291AD00DF1080C9CE80F00FFF782F9B1
:10A4800007B081F0004100BD0DF1080C00909CE880
:10A490000F00FFF74BFA07B000BD0DF1080C9CE868
:10A4A0000F00FFF76FF907B000BD0DF1080C009029
:10A4B0009CE80F00FFF73AFAE2E70000FB21E93FD2
:10A4C0000000F07F2DE9F04106460F46FEF766FEDC
:10A4D000041E0D4618BF0120284320F00040C0F1A3
:10A4E0007F6000F1E040C00F0ED0301C18BF01208B
:10A4F000384320F00040C0F17F6000F1E040C00F21
:10A5000004BF0120FFF7AAFA20462946BDE8F081E2
:10A510000000803F0000000000000000BF000303B7
:10A5200004040304050C0DFFFE08FE08FE0176037B
:10A530004509B9200500CC09210882C4894B8C004B
:10A540002208336D8B884A0023128744BC4830129E
:10A55000324582919029128CC4002410A53CAB583E
:10A56000252209314524915A080025198AC41D91D4
:10A570004C228949122529224944128C48622149DA
:10A580002C2601261188C42CA92428894A2332911B
:10A59000126522012706316D8A01280CA4B4BA5035
:10A5A0004822D2260B06290CA4B48A604C498B2879
:10A5B0000D002A0B555CAB949449A610002B0A554C
:10A5C0004CAB60A8140C012C0842B4098A04002D7D
:10A5D00006135C8A012E0622C409022F0C84C4BA19
:10A5E000A45828168AC500300B85449B89842F9275
:10A5F0000900310984451BC9482F04320D85449B4D
:10A600008984221389628701330E85449B898422C1
:10A61000125228920900340C8544AB95882432BA32
:10A620008906350C85448B8324C842914C00360D35
:10A6300085449B89844691B0482600370B84448B1F
:10A64000432C140B6901380E85449B898422994858
:10A6500058241300390D85449B89844542A348261C
:10A66000003A0752C40912013B0872B409124502AC
:10A670003C0856CC4B91B2023D0735548B6A013EE3
:10A680000956CC0BB19222003F0D85449B899A4814
:10A690001407C944004014A93CBDA14C148D842862
:10A6A000FA49228A43E420120041108943CC3860E1
:10A6B0003C0D0943B253503222421087440C938A16
:10A6C000485252114944870800430E8744AC491A46
:10A6D00071AA1809862800441288C40C9B2C249364
:10A6E000C82432894C228B9800450F86C40B8B28D6
:10A6F0002209912421514474461086C40B8B2822D0
:10A700008A48422449484602470F8744AC491A7197
:10A710002AAA4962A24900481189440D0A45269295
:10A72000894E32914C249330490984C40A8A482FB7
:10A73000044A0C86C42B9A5045979068044B1189A3
:10A74000C40C925A4C1494448B22990A69004C0B05
:10A7500086C40B9A50A788E8004D198B440E1A65E1
:10A76000368A4822A28824228A4822A2905248652A
:10A7700022214E1488C40CD944161A8528A1082910
:10A78000348A496611004F0D8744AC598A8C9B244A
:10A79000161B01500F87440C938A48229294A442BE
:10A7A0001A005114983CAC612C2493C824320945FA
:10A7B000241152A21200520D88C40C9B48A7584D78
:10A7C000A48532530C86C49B255AB1469A4C00543A
:10A7D0000C86C48B8B9690501B0500551388C40CB7
:10A7E000CA44169285642159481692C548005612EB
:10A7F00088C40CCA441692C5244149501215CB0096
:10A8000057198B440E8A642212859442928824241C
:10A8100089486293A14C281301581188C40CCA447A
:10A82000169A04C7C3C828269910591088C40CCAA0
:10A83000441693042551B12A09005A0A86C48B9BF9
:10A840006CB44D765B08A3348A8A7E195C0C84C490
:10A850008A5830168C0563015D08A3348A897E29E5
:10A860005E0B6554AB606C144993055F0616340BA0
:10A8700003600723740A9100610854C48A998462B2
:10A88000620D86C40BA116C984449A4C00630B5513
:10A89000449B8968268A4C00640B86C4BBA1CA8984
:10A8A00065A200650955449B89E42024660D85C492
:10A8B000AA89242222C9942800670C8634CBD04868
:10A8C000A26966BB00680B86C40BA116C984C424A8
:10A8D000690A84C41A9174A485006A0AA3B41AB5DB
:10A8E000892E14006B0C86440BA11609892451197A
:10A8F0006C0884C48A91BE106D0E5AC40D8948B28A
:10A900004212914424056E0A56C40B8964426212B5
:10A910006F0A56C41B8A88494201700D76B40B89B0
:10A920006442225D843300710F77B49B8A4822927F
:10A93000484612A99000720954C40AC94909007313
:10A940000854C49A12A902740973449A88A4A224D0
:10A95000750956C40B11978902760C56C48B894A27
:10A960004812138A00770F59448D892E2189242695
:10A97000114A4400780B56C48B894A4C16511979F8
:10A980000E76B48B894A4812138A6642007A0955BA
:10A99000440B8B48C9007B0BA4B42A89484526D2B6
:10A9A000267C0781468B43007D0CA4B40A99484D50
:10A9B00022D222027E0826DC9B896402A00500CCFC
:10A9C00009A10882B4095AE400A20E753CCB88257F
:10A9D00022894C22A31800A30F87442C922824B468
:10A9E000096592CB0400A40F574C8CC824A22411F3
:10A9F0004924914900A51088C40CCA441693042523
:10AA00004269514A02A60781468B0901A70EA4B4E8
:10AA10001AD24C12A14464230A00A80823748A881D
:10AA20002400A91388C42C5A30129A484211495064
:10AA300034498C9100AA0863540A592536AB0B5649
:10AA4000C4AB140945241125AC0735548B6202AD03
:10AA500006135C8A01AE1488C42C5A3012A14842F5
:10AA600011C948129124C64800AF0614F40A02B076
:10AA70000943649A14490A00B109554CAB50290E98
:10AA800028B20843E49949CA00B30843E489496CF1
:10AA900002B40723741A0A00B50A76B40B11170B17
:10AAA0005108B61187449CC32442094D8291602409
:10AAB000188915B70622DC0902B80732358AD0009A
:10AAC000B90843E499882832BA0A64D41A49481468
:10AAD0009112BB0E56C48B504822925024A11000F4
:10AAE000BC1388C49C584896149B8443C1882C424C
:10AAF0008A4500BD1288C49C584896149B8443B272
:10AB000048522C6900BE1388C48C512C3112138515
:10AB100043C1882C428A4500BF0D85342B991C14F3
:10AB20005293482600C014B9432C39448E16078C22
:10AB3000A7216148760A4A4604C113B9435CB11C97
:10AB4000290E184F43C290EC14948C08C214B943D8
:10AB5000BCA9448E12078CA7216148760A4A460494
:10AB6000C315B9433C493022478A03C6D3903024E9
:10AB70003B05252302C415B943BC483812478A0354
:10AB8000C6D39030243B05252302C515B9433C713B
:10AB9000282C87C401E3694818929D82921101C64E
:10ABA000168AC4AD432C228A4524B110AD128A897D
:10ABB000223111C500C710A734AC491A71AA18096F
:10ABC0008688511900C812B6C41BA91C62114524FD
:10ABD000219224248A880EC911B6C43B7588451475
:10ABE000918448929028223ACA12B6C4AB91446C20
:10ABF000114524219224248A880ECB14B6C4AB4874
:10AC00002C1207584411498824098922A203CC0B2D
:10AC1000B4C40A999422D20B01CD0BB4C42A8994EE
:10AC200022D20B01CE0CB5C49A892A49A6270A0064
:10AC3000CF0AB4C49A1C2922BD10D01188C40C9B21
:10AC40002C24334964129944163101D118B8C43CFC
:10AC5000492C2287C926B2D02844094548A1514C25
:10AC6000328B00D210B7442CB11C384B917193C475
:10AC7000622300D310B7443CA11C3A4B917193C49A
:10AC8000622300D411B744AC99440E9BA5C8B849BF
:10AC900062B11100D512B7442C49282207CE526464
:10ACA000DC24B1D80800D612B744AC48301207CE25
:10ACB0005264DC24B1D80800D70A554C0B896416BD
:10ACC0009B28D8128744AC495A44548950222549BC
:10ACD0002C121901D916B8C42C39400EA44C642189
:10ACE00059481692856421598C04DA16B8C44CA9C7
:10ACF0001C4899C842B2902C240BC942B2180900D2
:10AD0000DB16B8C4BCA1440EA24C6421594816926B
:10AD1000856421598C04DC17B8C4BC4834128751AF
:10AD200026B2902C240BC942B2902C4602DD12B8F8
:10AD3000C44CA91C4899C86292A0242A562501DE59
:10AD40000F87448C6949452411494A421A00DF1093
:10AD500087442C928A48A2A42292882A1200E00AF0
:10AD600084C40A997426A118E10A84C42A89742625
:10AD7000A118E20E95C4AAD84475289A4424140058
:10AD8000E30C85C41ACD43D12422A100E40A84C473
:10AD90008A48D6998462E50C84C41A4928229949C4
:10ADA0002806E60E58C48CC92424911C24B209013B
:10ADB000E70D75349B8968268ACC622200E80C85F1
:10ADC000441BA11C30911C8404E90B85442B75C8DD
:10ADD00044721012EA0C9544ABD844792239080920
:10ADE000EB0D85449BA4481C30911C8404EC0A8420
:10ADF000C40A9974A48500ED0A84C42A8974A485C0
:10AE000000EE0B95C4AAD84475A68902EF0A84C443
:10AE10008A48D6911602F00E86C40B5168944611EA
:10AE200031492800F10D86C41B498A1CA232213108
:10AE300009F20D86C41BA91C441131492800F30CEA
:10AE400086C43B751045C424A100F40F96C4ABE042
:10AE500048228750444C120A00F50E86C42B498ABA
:10AE60001C421131492800F60E86C49BB4481C448C
:10AE70001131492800F70A554CAB38A00E0801F8EB
:10AE80000D76BCDB0845622149285100F90B86C4C8
:10AE90001BA91C22E23251FA0B86C43B758888CB71
:10AEA0004401FB0D96C4ABE048220788B84C14FC63
:10AEB0000C86C49BB4481C22E23251FD10A6B43B60
:10AEC00075C8442524890945332100FE0EA6B40B1C
:10AED000A116C98444BA086700FF11A6B49BB44800
:10AEE0001C325109496242D14C0800000004FFFFA6
:10AEF0000000BF0205040506010406152600F91826
:10AF0000FA19F904E20AAF2262200BD51CF587FF7B
:10AF1000FF7F17002119D51CF587532316588BF492
:10AF200017879CFB0011689E0D920F2F002224D5DD
:10AF30001CF58743A28845065164104506516410EC
:10AF4000450651641045065164104506F9F0FF139B
:10AF5000002343D51CF587EB838C35065963903568
:10AF60000659638C45C6380F8CF1C018171A83AC8C
:10AF700031C81A83AC31C62263A007C478608C073D
:10AF8000C61964AC31C81A83AC31061B632C32C6B7
:10AF900022637C78243BD51CF5875B2412689A5287
:10AFA0000C91900C114488430411011141560984FD
:10AFB000654D6B89254642594490450431811041C5
:10AFC000CA182490F240302EAD5622F561140025A7
:10AFD00041D51CF587DBE410720A298810A20429E8
:10AFE0004490500A112410E3100A049D40161104E5
:10AFF00012582015956AA81D344821810C5248200A
:10B00000831022C820848C4448398598F2E13600A8
:10B010002641D51CF587EBE521A6541144114212B7
:10B02000212411421221631141186AC799861A0915
:10B0300084884206114590420219A42042CC21E4A2
:10B0400094428C3145A4F280286990534CF8701BCF
:10B05000002710D51CF5875B4292487F1FFE7F06B4
:10B06000002823D51CF5877B2396675C79354845F6
:10B070000A92487F9244124B24B18A241A6862894A
:10B08000448A02002925D51CF587BD210BB4621521
:10B09000492C9148122949227D90440A12582005D2
:10B0A0008BB35E8143860F0E002A29D51CF5879F3E
:10B0B0002591B6C6204398128628E40161DC2AD087
:10B0C00038C488208A0C920A218898A1C2111F7E58
:10B0D00014002B18D51CF5875F2091BEF580200F3A
:10B0E00008F2805024D2F7E177012C15D51CF587A2
:10B0F000FFFF9D110B34CFC012499C228963012DA3
:10B100000ED51CF587FFCD67BE0FFF97002E11D51A
:10B110001CF587FFFF2281E659907CB805002F2996
:10B12000D51CF58783818E484112491C91C4112991
:10B130004822812412482281241248228124124864
:10B140002281448E0FDB003044D51CF587078A4BE3
:10B150006B25134A22851C628A21A618524C21C6EF
:10B16000145246208490210821630C42C818831091
:10B170002206A1C228841C434A31C414434C31E442
:10B180009042900926AD955CF9F0003116D51CF57A
:10B190008717C8330D2DC548202C1012E9FFBF0FAB
:10B1A0000F3221D51CF587F3C625C55211E6104391
:10B1B000904024D2208904D25E05E9E250C1FC3ED1
:10B1C0009C063328D51CF587F3C525C552112609E1
:10B1D00053220D9276186AA8A558451A0A889C61D0
:10B1E000C831C220A654331F5E00342FD51CF5870A
:10B1F000474624B07AC65D6D04C248206C08B2C6CA
:10B20000206B0CA206218910924621E881501E086D
:10B21000E581E048A4F7E13A003525D51CF587D350
:10B22000EE788744BAB8144B0D9152CE3844924808
:10B2300067C621861C624E38A7A5D5CC8707363550
:10B24000D51CF587078A4B6B25130A2A452412471C
:10B25000A482510D35644639A5904319728821871F
:10B26000187288218732E49042521125AD955CF91D
:10B27000F002003721D51CF587D3EE7871441247D0
:10B28000A4E288248E48C511A938220549A4208942
:10B29000E4C323003839D51CF587F3A629C552111C
:10B2A0000591520E31E410430E31041142521164E3
:10B2B000A58618094511421031141A862052082219
:10B2C0008520528A21C708839852CD7C783935D59C
:10B2D0001CF587F3C5A5B592092591420E31E450BE
:10B2E000861C62C821861C624A29A70C731C6ACA84
:10B2F0000412A9382249A2905482416CA5663E3CB2
:10B3000001003A16D51CF587FF1A81E659907C7822
:10B310008940F32C483EDC023B1CD51CF587FF1A04
:10B3200081E659907C7869C402CD33B04412A748B5
:10B33000E29881013C1BD51CF5879F0A72C0E20E82
:10B34000BBE70A34F08206DE6089648A0F0F023D93
:10B350001BD51CF587BFFD80200F08F280F830F860
:10B3600080200F08F280F8F02F023E19D51CF587D7
:10B370002F073A6481E8E17B5633EDB03B671E89C5
:10B38000E2C3073F25D51CF58753A529C59011E6D3
:10B39000104390400405442205092CAF8254A43E7A
:10B3A000240934CF82E4C3034043D51CF587074CFE
:10B3B000538A2123CAA10A49A30C83C8206A0CB26C
:10B3C000C6184690314421640C410A19439042C684
:10B3D0001084943146096610C1C8188B905102211F
:10B3E00044967804494C2D763E5C074138D51CF5CF
:10B3F0008717C21C728A051668DC08C38D301A09CB
:10B40000848D31D818449141D4284331D4903BE302
:10B4100010430E31231142122144913116116491CF
:10B420000F9701423AD51CF587CB4B35E40E21C767
:10B4300090530A41A410440A41A490430C21C7B878
:10B44000D3D033E494421029241142122124114212
:10B450001221049142CA29CFB8C33E9C07432AD582
:10B460001CF587078A53A99D238C2986948208217D
:10B4700049180249A49F2491C482C429869823CCE8
:10B48000694A35F3E13C00443ED51CF587CB4B358A
:10B49000E40E21C710530C39A510440A41A490446E
:10B4A0000849849044084984904408498490440899
:10B4B00049A310440A41A490430C31C510624E4385
:10B4C0002CA90F2F004522D51CF587CB0F84F24005
:10B4D000280F8442227DD11DEF9048BFF840280FED
:10B4E00084F240F8701A004616D51CF587D3CF7C3D
:10B4F0008644FA62431D2291FEFBF00C004732D5D0
:10B500001CF587078A4BAA1D33CAA10A41C39014B0
:10B51000CE88F40A22A420420A22241142122904CD
:10B5200091421031E4107384392EA9663E9C07487D
:10B5300046D51CF587CB049142102904914210296D
:10B540000491421029049142102904914210290FBC
:10B5500084F240280F84421029049142102904915A
:10B560004210290491421029049142102904914269
:10B5700010F9701A004913D51CF587D30D758D4449
:10B58000FAFFC71AEA3E1C074A1CD51CF587EB2CAC
:10B59000718D44FAFF5430240D52501145AD955C25
:10B5A000F9F006004B41D51CF587C304154210295C
:10B5B000E410431D5208228424328822A22812CA91
:10B5C000228130D4124B8C08B2C8208A8C92082178
:10B5D0008914824829879862C821869C52082A8447
:10B5E00024F2E134004C11D51CF587CB24D2FFFFA7
:10B5F000C567BE0FB7014D4ED51CF587C3630D421D
:10B6000012212411524E21E514628A21A61872C615
:10B6100021671C42C2140821610A8410510421448C
:10B6200014410819631042C61884101208950821A5
:10B630008910920821891092082189109208218985
:10B640007C380D004E4DD51CF587CB049142102956
:10B65000E590520E29C690720A29A79082082924E3
:10B660000C420A09649042C418A410411532862085
:10B67000850C124821640452084185945388318511
:10B680001853C829859C520822852052481A1F4EFB
:10B69000034F3BD51CF587F3A629C59011E610434F
:10B6A0002152082284283288228328328822832843
:10B6B0003288228328328822832842861A852052A3
:10B6C0000822863A4618C4946AE6C3035029D51C5A
:10B6D000F587CB2C35E40E29C690530A41A41044BB
:10B6E0000A41A410440A39A59062CC33EEB044223A
:10B6F000FDFBF00E005143D51CF587F3A629C5903C
:10B7000011E610530A41A41044CA50641045065172
:10B710006410450651641045065164104506516495
:10B7200010450841A410440C3115298829D50E1C58
:10B7300092C4D4903B1F3800523ED51CF587CB2CC9
:10B7400035E40E21C790530A41A410440A41A410C5
:10B75000440A39C490628C3B0DB14408498490443A
:10B760000A41A410440C39C414430E31E49442102D
:10B770002904950F9701532FD51CF587074C53A922
:10B7800021238C21671C82C4219148120D440FBDD6
:10B79000038DA422314191221429039172C4310EE8
:10B7A00031763E9C075416D51CF587C30F08F280EE
:10B7B000200F884522FDFFDF8717005542D51CF575
:10B7C00087CB24114212212411421221241142124A
:10B7D000212411421221241142122124114212214A
:10B7E0002411421221241142122124114212210457
:10B7F00095420E316698D3D262E7C37900563BD5A5
:10B800001CF587C34491411419448D421029041139
:10B8100033D038E48C430C41C38C44CA488410357F
:10B82000C858648C450461438C46C268C899674116
:10B8300012891C527C7802005752D51CF587BB84B4
:10B840008D31D818A38832C628838C41C834283259
:10B8500006354619A38851C6286294218C188504A0
:10B86000234621615648106284618C18411C23CC08
:10B8700031A39C42CA29A49C420A1A66A461461AB2
:10B8800066A4614612487C380E005839D51CF587ED
:10B89000C32491421031D4216624424822642C22D0
:10B8A000C8228134E4CC3390C0028D430D3122C8CC
:10B8B00022822842482284206228440A418410457A
:10B8C0003E5C065929D51CF587C3449141122904D1
:10B8D00091420E65C8218524424822642C22C82248
:10B8E0006234D4CE33AF44FAEFC30B005A2ED51CCA
:10B8F000F587CB0F84F240280F044822815424900E
:10B90000C411092491402A1248E288049238582030
:10B910000F08F280200F880F97015B14D51CF58764
:10B920003B2C718944FAFFFF224BDC870A005C2B19
:10B93000D51CF587BD11892491481289249148129C
:10B9400089249148128924914812891C92C821495E
:10B9500024924422870C1F0E015D12D51CF5872B03
:10B960000D7591FEFF7FA8F72103005E20D51CF521
:10B97000871784249140E3501B813022C81A642821
:10B9800042082266A870C287FF87015F13D51CF5A5
:10B9900087FFFF671F18E381311E181F1A00601A06
:10B9A000D51CF5873B818A29E690249258C11289DB
:10B9B0009CE690E2C3FF4100612AD51CF5877FE138
:10B9C000B0951A2AC2A48048A4123BCE3C530C293D
:10B9D0000491424E29C498620432EFB85406F970BB
:10B9E0001A006233D51CF5872324D24F14D5903B1F
:10B9F0004718530C754A21881482482188148248BC
:10BA00002188148248218798628831C31877464874
:10BA1000688CF2E1016321D51CF5877FC234A5183B
:10BA200032C2986228240C89F42489E508744441C0
:10BA30002DA9663E9C076435D51CF5878324D2A7C3
:10BA40008A20A81D678C38869852082285205208C3
:10BA50002285205208228520520822A51C628829AE
:10BA6000C688731C6AAA08F2E13400652CD51CF55F
:10BA7000877FC134A5582AC21C62C819881482481D
:10BA8000792094074279201412492C91A0908C308F
:10BA9000A729D5CC87F300661CD51CF58763A6299A
:10BAA000C552110511231289546BA86324D2FFFBE0
:10BAB000F006006736D51CF5877FA090715E79206F
:10BAC0001442CA21662062C821861C520A2AA22476
:10BAD000A6944A8BC4021D72E71582082189109230
:10BAE0000839C39877D8421D006836D51CF5872BD6
:10BAF00024D26F94440242EEA0508E29C414431DF8
:10BB000062C821861C62C821861C62C821861C620C
:10BB1000C821861C62C821861C62C8211F4E036989
:10BB200019D51CF587534312582289E3838C1A16C2
:10BB3000E9FF1A4BDC87E3006A1FD51CF5877323E6
:10BB40001658C5F181554B8BF4FF53C190244A41DF
:10BB50004594B45672E6036B35D51CF5872324D281
:10BB6000EF94424C31A49443484164104504592455
:10BB70001096B112C8228328324A22A42052CA2128
:10BB8000861C628A21A71482CA87CB006C12D51C3E
:10BB9000F5872B896591FEFFC7DCF13EDC066D1D44
:10BBA000D51CF5873F4D0219A43C20C8036394605F
:10BBB0004219F4FFFFFFFFDF87CB006E35D51CF580
:10BBC00087BF4D46492420E40E0AE598424C31D403
:10BBD00021861C62C821861C62C821861C62C8217D
:10BBE000861C62C821861C62C821861CF2E13600D0
:10BBF0006F30D51CF5877FA1B8B41832C19C528A2A
:10BC00002187149208218910920821891092082115
:10BC10008914728829861C134C622AB9F2E1050046
:10BC20007034D51CF587BF4D44510DB9738431C5AF
:10BC300050A7148248218814824821881482482100
:10BC400088147288298698238C71A721228A2291D0
:10BC5000DE0705007133D51CF5877FA00882DA71F5
:10BC6000C6886388298520520822852052082285AB
:10BC700020520822852062C8218698628C38C7A18C
:10BC8000A68A2091BE0C00721CD51CF587BF4E46BB
:10BC90004924A4F34C0AE418234E81059248FF7D01
:10BCA0007805007327D51CF5877FE1B095DA31E27E
:10BCB0001872C62128A012CF530E41138B118998F8
:10BCC000814839C21C87D83A1F1E741DD51CF587C0
:10BCD00057492471C8A9B9E32D12E9BF2294096418
:10BCE000AD959AF9701C007535D51CF587BF4D0EC2
:10BCF00031E410430E31E410430E31E410430E31B1
:10BD0000E410430E31E410430E31E410430E31A52C
:10BD10009463C2390E355504F9701B007630D51C7A
:10BD2000F5873F5DD228248D421031038D43CE38F4
:10BD3000C41044CA48A40C35C858648C4504612416
:10BD40008C869C79E69548E2F8F004007743D51C90
:10BD5000F587BF4C16196391318A20640C42066D39
:10BD60000C420619A38C51C428431831CA10468CC2
:10BD7000428208438C428210230C638439469853D4
:10BD800086398594534841849034CCF8701C0078EF
:10BD90002FD51CF587BF4D1029C590430A49841043
:10BDA0004504592490769E790516681C6244104516
:10BDB00006518410440C754A21887C380D0079396D
:10BDC000D51CF587BF4D12210491421031E4104378
:10BDD000CE40C31044CA508310450651640C46023D
:10BDE00061240C37C270E715582089D40A84AC212D
:10BDF000CA4A0CBDF2C1007A1DD51CF5873FFECCA6
:10BE000007E9607915A4C1F2CA7B20940742792022
:10BE10007C380D007B20D51CF587270E4B4B29F372
:10BE200048A40F12775C812616392489F417CF5362
:10BE30002C3594017C0ED51CF5875324D2FFFFFFCF
:10BE4000E7017D21D51CF587D3C725A6609124D2B3
:10BE500027493CB03CE3082491FE607166A995D85F
:10BE6000F920007E17D51CF5877FF314515628E37F
:10BE7000015106418F7CF87F0200A00BD51CF5878D
:10BE8000FFFF7F1700A118D51CF58753049A67831D
:10BE9000E40334E414E91FAC17C7872700A240D598
:10BEA0001CF58737482471C8018B4BAA9D12902935
:10BEB000828461C818231842C6088690A108198A8E
:10BEC00090A1C8208A0CA2C8188C8841C229610C94
:10BED000815028A8A5C58E1B72F6610100A32BD541
:10BEE0001CF587078A4B6B2513482A2528122998A9
:10BEF00058E68824912E8E48E031C1AC30CA0382C6
:10BF000014A14A40E5C37100A429D51CF5878F8B85
:10BF100024CE3B2DAD540649E30C34CE40E30C4413
:10BF20000A492594D4CE334314314E50E2C3BF099D
:10BF300000A52FD51CF587C34411421029041143D5
:10BF40001D624622842442C6228230124643CE3CE1
:10BF5000030973C7632412E68EC748A43EBC0000E1
:10BF6000A611D51CF5875324D2FFF7012791FE9F18
:10BF700007A73AD51CF5874BA629C55211E6103301
:10BF80001031229158A281A82935C4418498430CCC
:10BF900039C4906308414CA986A0892512240E3922
:10BFA000C3147344414DA9663EE401A818D51CF59D
:10BFB00087C541862AA2A4224A2AA2A841C687FF91
:10BFC000FF1500A948D51CF5875F284E298648290A
:10BFD0008604130821010532465061881108196151
:10BFE000881146196284498D30A9112635C208840A
:10BFF0008831C2105418630415C618020542C620C1
:10C00000829462C8694A35F3E13C00AA25D51CF543
:10C0100087F3C621A698208385421A5A4AAD440860
:10C0200049A3904446494C2D96BA3BDE87BF0E008B
:10C03000AB2ED51CF587FF5A30810D3254112415D3
:10C0400041121924914112194415515411451551A9
:10C050005411451541D6208305133E7C0800AC10D1
:10C06000D51CF587FF4BEE7891DE873F0400AD0EBF
:10C07000D51CF587FFCD67BE0FFF9700AE47D51CD7
:10C08000F5875F284E298648294609424648810C93
:10C0900021C61862464618621A448C30441A230C92
:10C0A00091C608432032C210131981843186186367
:10C0B00084318618E390430822C50C739A52CD7CD4
:10C0C000380F00AF0ED51CF587E34B6D1FFEFF4701
:10C0D00000B01CD51CF587F3A625A65411251142E6
:10C0E00012212415519462C8950FFF1F04B120D569
:10C0F0001CF5876F91486F3D20C803823C2014894E
:10C10000F4FBC03E20C803823C203E5C06B21ED534
:10C110001CF5874BC5A5B51419448D32E4880492EB
:10C12000573D02096489FBF0BF0A00B321D51CF515
:10C13000874BC5A5B5D620430E779C794712399415
:10C1400030231142D25AC9950FFFCB00B414D51C2D
:10C15000F58789304924B0402A8E293EFCFFEB0048
:10C16000B53BD51CF5873F4D0E31E410430E31E44D
:10C1700010430E31E410430E31E410430E31E4104D
:10C18000430E31E410430E31A51421C4094B3C4049
:10C19000C4124650641012E97D6000B64CD51CF5FF
:10C1A000874B0BB5E38C12A32C31CA12A32C31CAD6
:10C1B00012A32C318C12C328314E12032131941159
:10C1C0008311311811831131181183113118118322
:10C1D0001131181183113118118311311811831184
:10C1E000311811E3431900B711D51CF587FF0D0273
:10C1F000CDB320F9F0BF0C00B813D51CF587FFFFB5
:10C200000F88496261630C965C4100B913D51CF537
:10C21000875B031677B930869CFF3EFC2F03BA2A52
:10C22000D51CF587078A434CAD41482284A461465A
:10C230001A66A461461A66A45148228428C5D023F0
:10C240001F0877BC0F7F1D00BB2ED51CF587FF5242
:10C2500030A1093216116511511619649141161950
:10C2600024155150110515511211251151D4208357
:10C2700005133E7C0C00BC4ED51CF587BD81C22940
:10C280006810830609629C81C619689891861969AD
:10C29000149246196A10A206196B0C1247247144B5
:10C2A00012472464A841482284A4414A1A43848145
:10C2B000C61861A021A633843243A842D040210D84
:10C2C000393EA401BD4DD51CF587BD81C22968103A
:10C2D000730809629C81862168989186196994A1E6
:10C2E00046196A10A206196B0C12472471441247B2
:10C2F00024A2A8214E1A6108728610649C818619B6
:10C30000689CE99042D028049132942889A50F6155
:10C3100000BE51D51CF587B9F25019458C51861ACB
:10C32000841C43C831832C228809658871C420810C
:10C330009824064281283246247144124724719081
:10C34000A108196A1092C828690C11062243848139
:10C35000C61062A0215419439581061268C8F121C4
:10C360000D00BF28D51CF5874B049A6741F20127C1
:10C37000918204965741020B2491420111241031FD
:10C38000E498701053C9950F2F00C03ED51C351787
:10C39000B23C04CB141F9C30879C6281051A37C2C3
:10C3A00070238C460261630C360651641035CA5006
:10C3B0000C35E4CE38C49043CC4884904408516492
:10C3C0008C450459E4C36500C13FD51CF5074140C5
:10C3D000D3502B517CB0C21C728A051668DC08C38E
:10C3E0008D301A09848D31D818449141D4284331B5
:10C3F000D4903BE310430E3123114212214491317A
:10C40000161164910F9701C243D51C750A7344D36A
:10C41000D22AA12832C80A46C030879C6281051AF8
:10C4200037C270238C460261630C360651641035A6
:10C43000CA500C35E4CE38C49043CC4884904408AC
:10C4400051648C450459E4C36500C342D51CB52131
:10C450000F0981DC2101A940CA073ACC21A7586005
:10C4600081C68D30DC08A39140D818838D41141902
:10C47000448D3214430DB9330E31E41033122124AC
:10C480001142141963114116F9701900C43FD51CEB
:10C49000751E64A8224A2AA2A4228A1A647C50C467
:10C4A00094248924966739D486186D08B288206B45
:10C4B00090B1062189A586DA21861CCA0C440A4956
:10C4C000A30C4506516490453E5C06C543D51C351A
:10C4D0001AB1BC218413433831841B61BC12879C80
:10C4E000C5020B346E84E146186E04C2C6186C0C8B
:10C4F000A2C8206A94A1186AC89D718821871882F1
:10C5000048198910A206218A8CB1C887CB00C63988
:10C51000D51CF587F32C31D4D071A7A1360269233D
:10C5200010460261431036443244243346326310CD
:10C530004506515B628910924621881482485162F7
:10C54000182586511F2E03C731D51CF587078A4B46
:10C55000AA9D238C29869482082149180249A49F08
:10C560002491C482C429869823CC694A3513C524F2
:10C57000B1B031064BAE7400C828D51CB521D1C06E
:10C5800003090D1F80074279209407422191BEE8DC
:10C590008E7748A45F7C2094074279207C78100035
:10C5A000C926D51CB522EF30E4C807F781501E0814
:10C5B000E5815048A42FBAE31D12E9171F08E58151
:10C5C000501E081F1E04CA2DD51CB50A9240E3D088
:10C5D0002A82AC41C60A27A4074279209407422147
:10C5E00091BEE88E7748A45F7C2094074279207C36
:10C5F000380D00CB2DD51C751E65A4320A2AA3A0C8
:10C60000324A1A65F4074279209407422191BEE824
:10C610008E7748A45F7C2094074279207C380D00F7
:10C62000CC1BD51CF5099344034F1C347C101AEA2B
:10C630001A89F4FF8F35D47D380E00CD18D51CF53E
:10C640001AEFB4E3C807B8A1AE9148FFFF5843DD25
:10C65000872701CE1ED51C75129240D3D22A82A8FC
:10C6600051C60A27A886BA4622FDFF630D751F8EA4
:10C6700003CF1ED51C751E65A4320A2AA3A0324A18
:10C680001A65F886BA4622FDFF630D751F8E03D02A
:10C690003BD51CF587D36AB1D41019E710430E318E
:10C6A000C590430C39C410440A4164A442462A642C
:10C6B000A4422152082285A061C821861C62A84399
:10C6C0004A396418D4D052EAC303D157D51CB521D6
:10C6D000F088811A22E1A840CA079320520822A5B7
:10C6E0001C52CA21C518524E21E5145210218584CE
:10C6F000414821810C528818831422A842C610A4F4
:10C7000090410229848C400A21A890720A31A61017
:10C71000630A39A590530A41A410440A49E3C36946
:10C7200000D241D51C3517B2C003CB141F14D394CB
:10C7300062C8087388A11029041142141944914158
:10C74000141944914114194491411419449141140C
:10C7500021438D4210290411431D230C624A35F3F5
:10C76000E101D342D51CF50761C0E28E2B507C90CD
:10C770004C538A2123CC218642A4104408516410D2
:10C780004506516410450651641045065164104534
:10C790000651840C350A41A410440C758C3088294C
:10C7A000D5CC8707D444D51C75129240E3922AA2B7
:10C7B000A841C614CD34A51832C21C6228440A41CF
:10C7C00084104506516410450651641045065164B5
:10C7D00010450651641045C850A310440A41C45086
:10C7E000C708839852CD7C78D544D51CB52924A49C
:10C7F00014C671688803C907D834A51832C21C62F0
:10C8000028440A41841045065164104506516410BD
:10C810004506516410450651641045C850A31044A4
:10C820000A41C450C708839852CD7C78D647D51C9E
:10C83000751964A8224A2AA2A4228A1A647C804D0F
:10C84000538A2123CC218642A41044085164104508
:10C8500006516410450651641045065164104506A2
:10C8600051840C350A41A410440C758C308829D5AC
:10C87000CC8707D729D51CF587DF0C731C8188214D
:10C8800088909288282BB5F3CA330EB112882AA259
:10C89000A0420A1A86A480C487BF0400D84DD51CC4
:10C8A000F587F130493262A076DA31C21C62286322
:10C8B0000A31861033C220C408410629439041C87A
:10C8C000181419831A839041C6206410310A194440
:10C8D0008C420609C38C720A29C610530A3946983D
:10C8E000D321224A22537C1807D949D51CF5097453
:10C8F00044034F1C347C0048228424424822842470
:10C9000042482284244248228424424822842442E9
:10C9100048228424424822842442482284244248D3
:10C9200022842442082A851C62CC30A7A5C5CE8764
:10C93000F300DA48D51CF51AD0B4E3880C1F109226
:10C9400008218910920821891092082189109208E3
:10C9500021891092082189109208218910920821BA
:10C96000891092082189109208218910824A218712
:10C970001833CC6969B1F3E15100DB4CD51C751A51
:10C98000B1BCD3922AA2A851C60C88244248228462
:10C990002442482284244248228424424822842477
:10C9A0004248228424424822842442482284244249
:10C9B0004822842442482284A052C821C60C735ABB
:10C9C0005AEC7C380F00DC4DD51C75995219059531
:10C9D000515019258D323E902411421221241142CA
:10C9E0001221241142122124114212212411421237
:10C9F0002124114212212411421221241142122118
:10CA000024114212210495420E316698D3D262E776
:10CA1000C37900DD30D51C350B923CD3CE23317C5D
:10CA20004088228324520822851CCA90430A4984E4
:10CA30009044C858449045C468A89D675E89F4DF57
:10CA4000871700DE29D51CF587CB24D2C586DC7973
:10CA50008698620822852052082285205208228565
:10CA60001C629E71A72112E97D780700DF46D51C64
:10CA7000F5874BC5A5B592110591520C39C4904369
:10CA80000C39C410530C29E5107110110711910CC9
:10CA900031A610440A4185904408498490440849CD
:10CAA0008410440A11429842823224A44384F970CB
:10CAB0001E00E034D51CF5878130472C914812893F
:10CAC00024327C600E5BA9A1224C0A88442AB1E37F
:10CAD000CC33C590421029E494428C294620F38E31
:10CAE0004B65900FA701E133D51CF5870931472C21
:10CAF000AF402A92193E3887ADD450112605442202
:10CB000095D871E6996248218814724A21C6142387
:10CB10009079C7A532C887D300E239D51CF58705BF
:10CB200021472CEFB8110823812C32080B457C30AB
:10CB30000E5BA9A1224C0A88442AB1E3CC33C590EC
:10CB4000421029E494428C294620F38E4B65900FC5
:10CB5000A701E334D51CF587C9F29018C7A1218E2F
:10CB60000AA47CA81DB6524345981410895462C784
:10CB700099678A21852052C8298518538C40E61D63
:10CB800097CA201F4E03E437D51CF5873BA38C546E
:10CB900046416514544649A38C0FAE694A35548406
:10CBA0004901914825769C79A618520822859C5205
:10CBB0008831C50864DE71A90CF2E13400E537D58F
:10CBC0001CF5878101CD136238318413623813C795
:10CBD00007FBB0951A2AC2A48048A4123BCE3C534E
:10CBE0000C290491424E29C498620432EFB85406CD
:10CBF000F9701A00E63CD51CF5873F4F0839289894
:10CC0000F2802024A0304A28840C45C850848CF23D
:10CC100040200F88F1C01065904408498490444832
:10CC200021611471C4180F0C72C431A5900FA701B3
:10CC3000E72AD51CF5877FC234A5DA31E2947286E3
:10CC400021481812E94912CB11E888825A5ACC447B
:10CC500031492C4D10C192331C00E837D51CF587A3
:10CC60008130472C9148128924327C604C538AA52C
:10CC700022CC21869C814821889407427920940700
:10CC8000422191C412090AC908739A52CD7C380F07
:10CC900000E935D51CF5878940472CAF402A122979
:10CCA0003E38A629C55211E61043CE40A41044CA0E
:10CCB00003A13C10CA03A1904862890485648439A9
:10CCC0004DA9663E9C07EA3AD51CF5870131472CF1
:10CCD000EF34D486208B0CB204111F10D39462A9B8
:10CCE000087388216720520822E581501E08E581DB
:10CCF000504824B144824232C29CA654331FCE0312
:10CD0000EB38D51CF5873BA38C544641651454463B
:10CD100049A38C0FAE694AB1544639E44C69149268
:10CD20004679209407427920141289249120818C1D
:10CD300030A729D5CC87F300EC1CD51CF58790884B
:10CD40002456914812C70C1F14D4B048FFD758E29C
:10CD50003E3C0900ED1BD51CF587989024124860D5
:10CD600081248E0F326A58A4FF6B2C711F9E04EE33
:10CD700020D51CF58781308724D038C448206C0C1E
:10CD8000C242111F04D4B048FFD758E23E1C07EF3F
:10CD90001FD51CF5873B830C554449459454445199
:10CDA000838C0F2A6A58A4FF6B2C711F8E03F039F5
:10CDB000D51CF587C9010F094CB184D6526B0C22E2
:10CDC000094B8AA1768C30A62AE414421221241140
:10CDD00042122124114212212491420E31C5906346
:10CDE00082494C25673E3CF140D51CF587C5F2CE03
:10CDF00010A82112500AA57C289151120908B98364
:10CE00004239A610530C758821871872882187181B
:10CE10007288218718728821871872882187187272
:10CE20008821877CB80D00F239D51CF587BC90238A
:10CE300056914812890C1F9CE2D262C804734A2999
:10CE4000861C524822842442482284244248228458
:10CE50002452C821A618724C3089A9E4CA87170049
:10CE6000F339D51CF5870531472C90820592193E80
:10CE700040C5A5C59009E694520C39A490440849D0
:10CE800084904408498490440849A490434C31E478
:10CE900098601253C9950F2F00F43FD51CF58701F8
:10CEA00021472CEFB8110823812C32080B457C4018
:10CEB0008A4B8B2113CC29A518724821891092081E
:10CEC0002189109208218910924821879862C831DF
:10CED000C124A6922B1F5E00F539D51CF587C5F23B
:10CEE0009010C89D31CE2B1F72C5A5C59009E69440
:10CEF000520C39A4904408498490440849849044D1
:10CF00000849A490434C31E498601253C9950F2FFF
:10CF100000F63DD51CF58733A38C54464165145467
:10CF20004649A38C0F70716931648239A514430E90
:10CF300029241142122124114212212411421229C2
:10CF4000E410530C392698C45472E5C30B00F71A49
:10CF5000D51CF5871F16924422C507F799EF434E5B
:10CF6000481289141F7E1700F83FD51CF587DF167D
:10CF700093ACA45662C80473CA38869011462164E3
:10CF800008420819821032C6208408320821621033
:10CF90002A8C42CA0883106348392698C4D0522389
:10CFA0009445A4F8300E00F93FD51CF587928825EA
:10CFB00012492291448A193E10E410430E31E410C4
:10CFC000430E31E410430E31E410430E31E41043BC
:10CFD0000E31E410430E31E410534A39269CE350DD
:10CFE0005345900F2F02FA3DD51CF5879698049271
:10CFF000482025C707971C62C821861C62C8218665
:10D000001C62C821861C62C821861C62C821861C3D
:10D0100062C821861C624A29C784731C6AAA08F266
:10D02000E14500FB44D51CF5870121092CD0B8113E
:10D03000082362B031080B257C00C821861C62C819
:10D0400021861C62C821861C62C821861C62C821F8
:10D05000861C62C821861C62C821A694724C38C7FF
:10D06000A1A68A201F6E03FC42D51CF58733A38C32
:10D070005446416514544649A38C0F2639C4904345
:10D080000C39C490430C39C490430C39C490430C00
:10D0900039C490430C39C490430C39C494528E095E
:10D0A000E738D45411E4C36D00FD43D51CF58798CF
:10D0B000902412486081248E0F2E498410440A4126
:10D0C000C490430C39030D431029430D42141944F5
:10D0D00091311809849130DC08C39D576081245236
:10D0E0002B10B286282B31F4CA071800FE35D51C48
:10D0F000F5872324D24F14D5903B4718530C754A1B
:10D100002188148248218814824821881482482169
:10D110008798628839C218771A22A22812E97D50AE
:10D1200000FF48D51CF5873B830C55444945945472
:10D130004451838C0F2649A310440C39C49033D03A
:10D14000300491421029430D421419648D3118099D
:10D15000A48D30DC08C39D576089438E4896208398
:10D160008D505662E8950F060000000004FFFF0096
:10D1700000000000000000004C5555555555A53FD6
:10D180007751C1166CC156BF9015CB19A001FA3E5C
:10D19000AD529C804F7E92BEC4B1B4BD9EEE213E86
:10D1A000D43888BEE9FAA8BD00004054FB21F93FFD
:10D1B0003163621A61B4D03D0000601A61B4D03DA1
:10D1C0007370032E8A19A33B0000002E8A19A33B1B
:10D1D000C14920259A837B3900000000000000002F
:10D1E0006E83F9A22915444ED15727FCC0DD34F5D2
:10D1F000999562DB4190433CAB6351FE61C5BBDE58
:10D200003A6E24B7E0D24D42EA2E49061C92D1096B
:10D210001CEB1DFE3EA729B1F53582E88444BB2EE8
:10D2200026709CE9417E5FB439D69139F439538335
:10D230008B5F849C3B28F9BDFF97F81F0F9805DE94
:10D240008B112FEF1F6D0A5ACF7E366DB709CB2792
:10D25000663F464F2DEA5F9EC7BA27757BF1E5EB27
:10D26000F739073DEA92528AB15FFB6B085D8D1F6B
:10D27000A6F810111111813FD561C119A0012ABF73
:10D280007DFEB157E31DC73EEB9C2B8AE6E55ABEF7
:10D290007CD5CF5A3AD9E53DB8D20008000000202D
:10D2A000DC0000003C9A000894D30008DC00002059
:10D2B000E49E00004C9A000800A24A04000000000E
:10D2C0000000000001020304060708090204060822
:10D2D000000000000102030401020304060708091C
:10D2E000000000000000803F0000803F00000000C0
:10D2F000000000000000000000000000000000002E
:10D30000000000000000000000000000000000001D
:10D31000000000000000000000000000000000000D
:10D3200000000000000000000000000000000000FD
:10D3300000000000000000000000000000000000ED
:10D340000000000000000000AAAAAAAA0000000035
:10D3500000000000000000000000000000000000CD
:10D3600000000000000000000000000000000000BD
:10D3700000000000000000000000000000000000AD
:10D380000AD7A33B000000000000000000000000DE
:04D390000000000099
:0400000508000131BD
:00000001FF
